"schluessel","straftat","gemeindeschluessel","stadt_landkreis","kreisart","anzahl_erfasste_faelle","haeufigkeitszahl","erfasste_faelle_davon_versuche_anzahl","erfasste_faelle_davon_versuche_anteil_in_percent","mit_schusswaffe_gedroht","mit_schusswaffe_geschossen","auffklaerung_anzahl_faelle","aufklaerungsquote","tatverdaechtige_insgesamt","tatverdaechtige_maennlich","tatverdaechtige_weiblich","nichtdeutsche_tatverdaechtige_anzahl","nichtdeutsche_tatverdaechtige_anteil_in_percent_an_der_gesamtzahl","gemeinden_n","pop_20_sum","pop20_MEAN","bs20_MEAN","lupp20_MEAN","mean_FLAT_size_2022","livespace_MEAN_grid_2022","vac_MEAN_muni_2022","Rent_m2_EUR_2022","share_larger_HH_2022","share_big_WHG_2022","POP_60_plus_._2022","change_pc_bs_mean"
"892000","Gewaltkriminalität",1001,"Flensburg","KfS",372,408,46,"12.4",3,2,274,"73.7",329,280,49,104,"31.6",1,84448.2861,27.1713,1529.4861,86.0582,78.71,58.4546,2.76,6.96,0.1918,0.4936,26.2706,7.4668
"892000","Gewaltkriminalität",1002,"Kiel","KfS",829,337,131,"15.8",9,3,607,"73.2",690,581,109,229,"33.2",1,255933.258,37.081,1284.6311,60.0215,73,52.4187,2.08,7.64,0.1969,0.6299,25.3295,5.9446
"892000","Gewaltkriminalität",1003,"Lübeck","KfS",792,366,117,"14.8",7,3,618,"78",751,645,106,218,"29",1,217398.0236,27.2258,1453.9809,90.2538,76.52,55.7473,2.82,7.47,0.202,0.458,30.279,3.8713
"892000","Gewaltkriminalität",1004,"Neumünster","KfS",376,473,51,"13.6",2,2,266,"70.7",320,279,41,137,"42.8",1,84581.2283,23.1666,1505.4347,96.2743,83.08,61.1821,3.55,6.22,0.2295,0.3398,29.9881,5.0808
"892000","Gewaltkriminalität",1051,"Dithmarschen","K",288,215,40,"13.9",5,1,232,"80.6",302,271,31,100,"33.1",116,133754.484,5.8121,717.6948,243.2363,120.7854,70.5195,3.8944,5.3383,0.275,0.0241,32.6505,8.4741
"892000","Gewaltkriminalität",1053,"Herzogtum Lauenburg","K",326,162,38,"11.7",3,2,261,"80.1",288,244,44,92,"31.9",133,193723.1286,8.3197,850.4747,175.4283,117.9739,63.4736,3.4963,6.6245,0.321,0.0561,30.0485,9.1752
"892000","Gewaltkriminalität",1054,"Nordfriesland","K",279,167,29,"10.4",2,3,222,"79.6",254,215,39,59,"23.2",133,163151.3359,5.3074,615.4767,234.3807,115.3145,69.506,5.3845,6.5814,0.2705,0.0446,31.2418,10.0305
"892000","Gewaltkriminalität",1055,"Ostholstein","K",342,169,99,"28.9",5,0,283,"82.7",292,245,47,46,"15.8",36,199957.2137,9.1552,896.8119,171.6266,98.9694,65.5181,3.9706,6.8831,0.2375,0.1653,35.8649,9.5341
"892000","Gewaltkriminalität",1056,"Pinneberg","K",630,198,119,"18.9",8,5,511,"81.1",620,503,117,213,"34.4",49,307834.2739,12.123,989.8874,147.3066,112.1635,64.417,2.6532,7.6904,0.3178,0.1136,28.2393,8.5157
"892000","Gewaltkriminalität",1057,"Plön","K",143,110,14,"9.8",0,2,117,"81.8",136,118,18,22,"16.2",85,127328.5716,7.8109,676.1796,150.8655,113.5435,67.129,4.1967,6.2941,0.2852,0.0645,32.8107,10.6854
"892000","Gewaltkriminalität",1058,"Rendsburg-Eckernförde","K",338,122,41,"12.1",2,3,261,"77.2",331,300,31,101,"30.5",165,273413.5123,7.3072,719.2447,180.1752,118.9648,68.6828,3.3751,6.1136,0.2919,0.0493,30.2165,9.8182
"892000","Gewaltkriminalität",1059,"Schleswig-Flensburg","K",296,145,28,"9.5",0,0,253,"85.5",305,258,47,85,"27.9",125,196093.3058,6.1224,650.4356,192.3803,118.3094,69.2309,3.8536,5.981,0.2815,0.0315,31.6558,7.5327
"892000","Gewaltkriminalität",1060,"Segeberg","K",424,151,63,"14.9",8,9,332,"78.3",441,397,44,158,"35.8",96,271257.8648,8.7135,823.8551,159.4221,118.8287,67.5815,2.8952,6.5687,0.3127,0.0655,28.6739,7.8082
"892000","Gewaltkriminalität",1061,"Steinburg","K",233,178,49,"21",4,3,183,"78.5",222,188,34,69,"31.1",111,131079.5783,6.5308,683.7616,218.2306,120.6555,68.1239,3.4082,5.5433,0.2992,0.0265,30.1453,8.4654
"892000","Gewaltkriminalität",1062,"Stormarn","K",331,135,50,"15.1",2,4,273,"82.5",328,288,40,123,"37.5",55,242401.3125,11.3322,912.5597,129.723,115.6911,64.3748,2.4279,7.6371,0.3213,0.0866,28.8841,7.9834
"892000","Gewaltkriminalität",2000,"Hamburg","KfS",7577,409,1142,"15.1",46,26,5186,"68.4",6359,5202,1157,2951,"46.4",1,1802764.6158,39.0623,1526.9579,63.3309,76.62,55.9616,1.92,9.16,0.215,0.6455,24.0383,5.7989
"892000","Gewaltkriminalität",3101,"Braunschweig","KfS",781,314,103,"13.2",3,6,624,"79.9",714,607,107,222,"31.1",1,248857.4872,29.1573,1565.7314,88.1464,83.41,60.75,3.64,7.27,0.2011,0.5435,27.6652,3.922
"892000","Gewaltkriminalität",3102,"Salzgitter","KfS",339,327,53,"15.6",3,1,291,"85.8",351,296,55,149,"42.5",1,100373.6439,18.1278,1346.1471,130.1918,85.83,62.7223,7.14,5.6,0.2559,0.2672,30.083,3.1532
"892000","Gewaltkriminalität",3103,"Wolfsburg","KfS",319,257,45,"14.1",4,2,244,"76.5",278,237,41,129,"46.4",1,122913.356,21.4508,1597.6838,128.8425,91.08,60.3635,5.63,7.21,0.2556,0.3955,29.1006,8.7232
"892000","Gewaltkriminalität",3151,"Gifhorn","LK",255,143,38,"14.9",3,0,225,"88.2",292,245,47,99,"33.9",42,171831.085,10.9606,1155.0042,185.5489,127.7756,71.2618,4.0512,6.0863,0.3433,0.0384,28.7013,6.1676
"892000","Gewaltkriminalität",3153,"Goslar","LK",318,237,45,"14.2",1,2,273,"85.8",287,242,45,68,"23.7",8,121588.8057,14.5403,1149.5112,131.8852,94.13,66.9952,9.7986,5.2486,0.2076,0.2221,37.1265,3.7152
"892000","Gewaltkriminalität",3154,"Helmstedt","LK",172,188,26,"15.1",5,2,150,"87.2",177,146,31,43,"24.3",28,89552.2347,9.0395,1028.9294,164.3735,119.4413,66.7863,7.3226,5.017,0.2868,0.0536,31.9288,3.07
"892000","Gewaltkriminalität",3155,"Northeim","LK",234,178,35,"15",2,1,212,"90.6",259,225,34,67,"25.9",12,134043.6333,10.5357,994.5802,154.9208,113.93,71.8877,6.63,4.7155,0.2723,0.084,34.7954,5.353
"892000","Gewaltkriminalität",3157,"Peine","LK",255,186,42,"16.5",6,2,207,"81.2",283,224,59,86,"30.4",7,131104.6622,14.2703,1367.1305,172.1368,118.1229,66.5497,3.9471,5.9743,0.3195,0.0822,29.5205,4.2191
"892000","Gewaltkriminalität",3158,"Wolfenbüttel","LK",200,168,27,"13.5",3,2,176,"88",196,170,26,58,"29.6",35,120318.0728,11.2567,1018.1642,133.0453,122.5431,64.2091,5.8942,4.9875,0.2934,0.0487,32.5882,2.2911
"892000","Gewaltkriminalität",3159,"Göttingen","LK",778,240,106,"13.6",6,2,638,"82",751,630,121,238,"31.7",40,331553.8616,12.4206,1120.0145,154.8973,118.9136,67.8917,5.5573,4.96,0.3123,0.0644,33.8915,7.9118
"892000","Gewaltkriminalität",3241,"Region Hannover","LK",4357,376,643,"14.8",26,19,3220,"73.9",3765,3189,576,1629,"43.3",21,1150500.4248,19.8708,1396.3914,133.8664,104.391,64.6209,3.6062,6.5724,0.2763,0.2275,31.0558,4.1798
"892000","Gewaltkriminalität",3251,"Diepholz","LK",392,179,66,"16.8",7,4,330,"84.2",434,373,61,151,"34.8",45,207964.4671,6.0022,705.2936,236.9116,127.9776,71.9,4.6253,5.1996,0.3272,0.045,31.1132,11.1906
"892000","Gewaltkriminalität",3252,"Hameln-Pyrmont","LK",342,230,46,"13.5",0,2,299,"87.4",413,368,45,165,"40",8,147814.3003,13.1252,1144.9767,168.0596,108.96,69.388,5.9263,4.84,0.2594,0.1191,34.0618,4.1091
"892000","Gewaltkriminalität",3254,"Hildesheim","LK",596,217,99,"16.6",5,13,501,"84.1",542,455,87,145,"26.8",20,288493.8313,14.6836,1274.5197,161.7341,113.663,69.1361,5.065,5.086,0.2761,0.0984,32.8616,4.1811
"892000","Gewaltkriminalität",3255,"Holzminden","LK",134,192,17,"12.7",2,2,124,"92.5",161,133,28,33,"20.5",39,71766.1402,8.1874,778.2348,133.714,120.9406,67.793,8.1191,3.7956,0.2711,0.0286,36.2666,4.3765
"892000","Gewaltkriminalität",3256,"Nienburg (Weser)","LK",248,204,33,"13.3",1,3,208,"83.9",290,243,47,88,"30.3",36,105652.039,6.9548,850.8611,216.4094,128.5717,72.0802,4.4265,4.8781,0.3243,0.0269,30.8171,9.5567
"892000","Gewaltkriminalität",3257,"Schaumburg","LK",301,190,50,"16.6",2,7,249,"82.7",329,296,33,103,"31.3",38,156114.5965,11.352,1075.8477,146.4008,118.9192,68.8705,5.3061,5.1982,0.2867,0.0669,32.5253,7.7897
"892000","Gewaltkriminalität",3351,"Celle","LK",446,248,75,"16.8",4,5,374,"83.9",455,357,98,108,"23.7",21,175431.0718,9.9854,1106.7434,182.7916,118.5148,70.6461,4.7367,5.6195,0.2918,0.049,30.6097,7.7599
"892000","Gewaltkriminalität",3352,"Cuxhaven","LK",364,182,63,"17.3",7,3,289,"79.4",347,300,47,101,"29.1",29,196873.457,6.0634,723.8084,224.0978,120.3852,71.9254,4.3681,5.2659,0.2924,0.0375,33.8709,7.7709
"892000","Gewaltkriminalität",3353,"Harburg","LK",448,174,61,"13.6",3,2,388,"86.6",473,411,62,189,"40",42,243490.2449,9.2819,859.091,156.6818,119.0219,66.4941,3.2836,7.3245,0.3083,0.0644,29.036,10.1525
"892000","Gewaltkriminalität",3354,"Lüchow-Dannenberg","LK",102,210,16,"15.7",1,1,84,"82.4",120,95,25,40,"33.3",29,47853.7521,5.0673,712.4434,247.2558,120.3278,75.6116,6.2048,4.5207,0.2371,0.0271,38.9283,5.5637
"892000","Gewaltkriminalität",3355,"Lüneburg","LK",460,248,82,"17.8",3,1,380,"82.6",435,379,56,122,"28",43,178206.6496,9.8775,957.5493,166.8955,119.3837,69.1255,3.2908,6.4826,0.3027,0.0583,29.3696,8.0422
"892000","Gewaltkriminalität",3356,"Osterholz","LK",203,176,22,"10.8",1,1,167,"82.3",208,176,32,51,"24.5",11,111651.3483,8.8376,844.7267,160.508,118.7264,70.0863,3.4491,6.1391,0.3016,0.0655,33.2006,10.2473
"892000","Gewaltkriminalität",3357,"Rotenburg (Wümme)","LK",331,201,52,"15.7",4,2,283,"85.5",364,322,42,117,"32.1",57,162029.9095,6.5976,769.6449,218.9423,131.9542,72.7264,3.6326,5.5028,0.3419,0.0254,28.7657,8.9984
"892000","Gewaltkriminalität",3358,"Heidekreis","LK",348,244,58,"16.7",1,1,286,"82.2",427,363,64,144,"33.7",23,133573.34,7.3479,829.5185,206.1873,116.1483,71.4064,4.48,5.3096,0.2903,0.0495,29.4001,8.0894
"892000","Gewaltkriminalität",3359,"Stade","LK",432,209,65,"15",3,3,367,"85",443,378,65,167,"37.7",40,198395.9924,8.724,884.9382,184.6547,119.733,69.8453,3.7024,6.3455,0.3133,0.055,29.6364,10.2907
"892000","Gewaltkriminalität",3360,"Uelzen","LK",251,270,37,"14.7",1,3,220,"87.6",269,236,33,75,"27.9",27,92405.0579,6.8414,819.7879,204.0471,122.8056,73.4941,5.5881,4.9907,0.2732,0.0473,34.1793,5.8374
"892000","Gewaltkriminalität",3361,"Verden","LK",295,213,35,"11.9",4,0,251,"85.1",337,280,57,120,"35.6",11,132454.091,9.3458,942.4428,183.492,122.3436,71.8703,3.5827,6.1445,0.3134,0.0612,30.0107,7.7964
"892000","Gewaltkriminalität",3401,"Delmenhorst","KfS",224,289,29,"12.9",5,2,187,"83.5",255,224,31,104,"40.8",1,74004.5061,22.855,1669.4607,116.6048,92.85,61.5102,3.48,6.34,0.2706,0.2178,29.2486,4.4435
"892000","Gewaltkriminalität",3402,"Emden","KfS",123,248,17,"13.8",2,0,104,"84.6",126,110,16,34,"27",1,50215.6834,14.7867,1250.863,136.6543,89.95,64.7332,4.11,6.13,0.2291,0.2077,28.8226,5.0318
"892000","Gewaltkriminalität",3403,"Oldenburg (Oldenburg)","KfS",462,271,59,"12.8",4,1,385,"83.3",450,396,54,136,"30.2",1,161430.0937,25.7999,1786.2153,95.7171,89.46,58.6698,2.75,7.79,0.218,0.2889,26.4889,6.1833
"892000","Gewaltkriminalität",3404,"Osnabrück","KfS",898,544,113,"12.6",3,3,665,"74.1",813,689,124,339,"41.7",1,155795.1043,24.4538,1497.1484,109.9675,86.11,60.0976,3.08,7.3,0.2147,0.3524,25.2847,2.2792
"892000","Gewaltkriminalität",3405,"Wilhelmshaven","KfS",407,542,72,"17.7",6,0,358,"88",380,316,64,117,"30.8",1,75492.5945,17.3586,1223.5785,131.9646,82.89,67.3572,6.73,5.69,0.1753,0.3112,33.4289,2.7732
"892000","Gewaltkriminalität",3451,"Ammerland","LK",140,111,27,"19.3",0,2,118,"84.3",141,113,28,41,"29.1",6,119736.2519,8.2338,805.6933,198.2253,116.69,68.8741,2.8467,6.4917,0.2987,0.077,30.8399,11.3893
"892000","Gewaltkriminalität",3452,"Aurich","LK",311,163,41,"13.2",0,3,279,"89.7",366,312,54,91,"24.9",25,186803.3657,7.8226,803.9584,164.1385,107.1333,62.4974,4.7662,6.3708,0.2672,0.0787,31.7441,14.3976
"892000","Gewaltkriminalität",3453,"Cloppenburg","LK",232,133,12,"5.2",1,0,208,"89.7",293,250,43,100,"34.1",13,161445.5832,7.3345,797.4262,225.1016,133.1792,70.3667,2.3762,5.6438,0.4093,0.0459,23.5575,10.2413
"892000","Gewaltkriminalität",3454,"Emsland","LK",536,162,71,"13.2",4,2,470,"87.7",606,531,75,237,"39.1",60,317949.3223,6.3417,786.7124,237.4706,140.4467,72.5372,2.7693,5.1032,0.4048,0.0352,27.0062,10.4934
"892000","Gewaltkriminalität",3455,"Friesland","LK",171,173,30,"17.5",1,4,148,"86.5",194,165,29,47,"24.2",8,96957.4405,9.8376,998.5966,208.9962,103.3775,68.2959,4.8588,6.2488,0.2251,0.1188,34.8018,8.0348
"892000","Gewaltkriminalität",3456,"Grafschaft Bentheim","LK",285,205,41,"14.4",1,2,235,"82.5",280,241,39,108,"38.6",25,136197.0134,6.0228,717.1116,263.754,137.0892,68.3176,2.7187,5.1396,0.4025,0.0282,28.2431,8.1808
"892000","Gewaltkriminalität",3457,"Leer","LK",305,177,38,"12.5",2,3,275,"90.2",342,279,63,93,"27.2",20,169323.1063,7.2908,791.434,169.5303,119.6521,65.4732,3.5644,5.8105,0.3131,0.0357,29.1824,12.5019
"892000","Gewaltkriminalität",3458,"Oldenburg","LK",161,122,18,"11.2",1,1,138,"85.7",181,142,39,59,"32.6",15,125808.1049,6.72,684.4522,211.3385,126.5953,72.4894,3.3036,5.7193,0.3149,0.0385,31.0875,8.5716
"892000","Gewaltkriminalität",3459,"Osnabrück","LK",460,127,66,"14.3",11,5,376,"81.7",549,469,80,161,"29.3",34,349981.8976,9.1199,831.5332,195.658,122.8247,70.9869,3.1618,5.4318,0.3478,0.0812,28.3535,7.7161
"892000","Gewaltkriminalität",3460,"Vechta","LK",233,161,18,"7.7",4,1,199,"85.4",273,235,38,114,"41.8",10,134432.1627,8.563,921.5117,223.1857,130.789,73.4743,2.123,6.032,0.3927,0.0751,24.0021,10.7584
"892000","Gewaltkriminalität",3461,"Wesermarsch","LK",181,205,25,"13.8",1,2,157,"86.7",188,162,26,50,"26.6",9,87822.4165,7.6779,800.4891,201.0413,109.6833,70.1096,3.8256,5.3089,0.2664,0.0543,32.3158,8.3381
"892000","Gewaltkriminalität",3462,"Wittmund","LK",83,144,7,"8.4",0,1,76,"91.6",85,71,14,25,"29.4",19,55593.0592,5.5205,645.7619,201.607,108.9284,64.8904,5.9412,6.2821,0.2833,0.0608,32.433,14.227
"892000","Gewaltkriminalität",4011,"Bremen","KfS",2451,435,349,"14.2",29,9,1582,"64.5",1794,1534,260,889,"49.6",1,588192.9756,31.8097,1466.169,70.522,83.14,57.5022,3.22,7.75,0.2359,0.3839,27.1201,5.4754
"892000","Gewaltkriminalität",4012,"Bremerhaven","KfS",666,588,82,"12.3",8,5,485,"72.8",565,456,109,217,"38.4",1,114626.5437,27.5082,1599.4386,90.1751,79.13,57.454,5.84,5.58,0.2175,0.5534,28.4721,3.4805
"892000","Gewaltkriminalität",5111,"Düsseldorf","KfS",2696,435,394,"14.6",28,7,1813,"67.2",2292,1947,345,1051,"45.9",1,661899.1272,50.802,1725.6952,56.6512,77.56,57.0463,2.91,9.24,0.2049,0.662,25.1877,1.6316
"892000","Gewaltkriminalität",5112,"Duisburg","KfS",1970,398,355,"18",36,10,1440,"73.1",1721,1445,276,735,"42.7",1,536003.3638,36.9174,1620.0416,64.997,77.56,52.9097,4.17,5.84,0.2512,0.393,27.137,1.7724
"892000","Gewaltkriminalität",5113,"Essen","KfS",2209,381,376,"17",24,7,1598,"72.3",1991,1670,321,874,"43.9",1,595549.338,40.9087,1608.8679,59.7971,78.62,56.2386,3.94,6.72,0.213,0.4248,28.6725,2.8462
"892000","Gewaltkriminalität",5114,"Krefeld","KfS",840,370,113,"13.5",4,1,562,"66.9",663,562,101,319,"48.1",1,235792.1646,30.8912,1581.1675,84.0928,85.23,59.9349,4.01,6.66,0.2402,0.3769,29.1816,2.1412
"892000","Gewaltkriminalität",5116,"Mönchengladbach","KfS",1092,418,167,"15.3",14,3,796,"72.9",884,751,133,390,"44.1",1,271904.1182,31.1602,1645.8578,89.7781,86.7,59.5848,3.74,6.41,0.2369,0.3228,28.7343,2.7149
"892000","Gewaltkriminalität",5117,"Mülheim an der Ruhr","KfS",473,277,94,"19.9",5,0,369,"78",423,354,69,164,"38.8",1,178725.0822,34.8596,1557.0335,75.501,86.37,61.3461,3.69,6.5,0.2366,0.3448,31.171,2.0733
"892000","Gewaltkriminalität",5119,"Oberhausen","KfS",610,292,90,"14.8",11,2,456,"74.8",589,499,90,217,"36.8",1,215917.727,36.928,1822.8802,67.7736,80.85,52.0623,3.67,5.73,0.2442,0.2959,30.0127,2.529
"892000","Gewaltkriminalität",5120,"Remscheid","KfS",356,319,60,"16.9",2,0,291,"81.7",392,322,70,154,"39.3",1,109603.9417,30.7186,1497.8046,86.7523,85.45,58.3285,4.83,5.78,0.2544,0.3692,29.28,1.3654
"892000","Gewaltkriminalität",5122,"Solingen","KfS",456,287,80,"17.5",5,1,366,"80.3",419,347,72,170,"40.6",1,159179.7036,32.5721,1588.3402,82.7163,86.91,57.3599,3.81,6.38,0.2568,0.2795,29.3292,2.8148
"892000","Gewaltkriminalität",5124,"Wuppertal","KfS",1473,415,263,"17.9",14,1,1109,"75.3",1318,1055,263,621,"47.1",1,358600.9331,38.9318,1437.9207,66.2303,80.71,57.5096,4.26,6.1,0.2294,0.4769,27.7121,2.8891
"892000","Gewaltkriminalität",5154,"Kleve","K",617,196,76,"12.3",6,3,485,"78.6",561,476,85,228,"40.6",16,303717.8262,11.1801,952.9002,179.5031,109.7038,70.1251,2.515,6.2688,0.2875,0.095,29.4239,1.1792
"892000","Gewaltkriminalität",5158,"Mettmann","K",1139,235,230,"20.2",10,6,913,"80.2",1041,856,185,392,"37.7",10,477920.8885,27.8684,1401.4328,96.0244,92.247,61.307,2.882,7.166,0.2561,0.3936,32.0115,1.8993
"892000","Gewaltkriminalität",5162,"Rhein-Kreis Neuss","K",868,192,135,"15.6",5,12,668,"77",832,697,135,281,"33.8",8,464127.2366,22.8004,1432.2008,127.8816,103.8675,62.9657,2.4975,7.3262,0.2945,0.215,30.2567,1.3024
"892000","Gewaltkriminalität",5166,"Viersen","K",685,229,171,"25",12,2,578,"84.4",666,553,113,183,"27.5",9,297667.2173,17.3519,1035.341,129.9495,104.3556,65.8763,2.6278,6.42,0.2714,0.1347,31.801,0.4388
"892000","Gewaltkriminalität",5170,"Wesel","K",898,195,155,"17.3",13,8,719,"80.1",897,763,134,255,"28.4",13,470995.9876,15.9422,1058.3061,146.0295,103.3077,65.8469,2.8415,6.1715,0.2739,0.1607,32.9175,2.3762
"892000","Gewaltkriminalität",5314,"Bonn","KfS",1313,396,240,"18.3",11,4,985,"75",1178,1022,156,505,"42.9",1,325345.854,42.882,1808.6047,60.2235,83.37,57.0865,2.82,9.09,0.2312,0.4344,24.8168,3.8284
"892000","Gewaltkriminalität",5315,"Köln","KfS",5598,522,973,"17.4",58,21,3783,"67.6",4690,3947,743,2051,"43.7",1,1173822.8427,50.2536,1709.597,54.5708,77.58,55.187,2.46,9.39,0.2132,0.6025,23.7706,2.3791
"892000","Gewaltkriminalität",5316,"Leverkusen","KfS",528,322,92,"17.4",6,1,417,"79",480,369,111,187,"39",1,162314.6927,33.4946,1616.033,78.4954,85.93,55.2117,2.48,7.03,0.2589,0.3906,28.5839,3.0197
"892000","Gewaltkriminalität",5334,"Aachen","K",1771,318,317,"17.9",33,9,1345,"75.9",1540,1286,254,565,"36.7",10,550867.261,22.9714,1385.3337,108.7768,100.578,62.5247,3.301,6.262,0.2812,0.184,30.0919,6.2352
"892000","Gewaltkriminalität",5358,"Düren","K",618,232,129,"20.9",11,8,480,"77.7",606,491,115,201,"33.2",15,257672.0061,14.9076,1212.1371,158.8266,112.7007,65.5978,2.8693,5.9127,0.304,0.0957,30.3847,4.2999
"892000","Gewaltkriminalität",5362,"Rhein-Erft-Kreis","K",1144,242,212,"18.5",35,13,893,"78.1",1066,884,182,359,"33.7",10,458301.8077,24.6156,1574.0586,121.7961,100.664,61.9738,2.419,7.495,0.2887,0.2272,29.121,1.8713
"892000","Gewaltkriminalität",5366,"Euskirchen","K",390,200,64,"16.4",6,2,341,"87.4",428,336,92,118,"27.6",11,188547.3052,11.3688,1006.2431,163.8293,115.0427,68.3928,4.6345,5.7055,0.2905,0.0672,31.7437,8.0529
"892000","Gewaltkriminalität",5370,"Heinsberg","K",528,204,100,"18.9",7,6,441,"83.5",567,470,97,146,"25.7",10,251667.0813,15.9502,1388.975,155.9107,112.047,65.3321,3.011,6.077,0.3077,0.0904,29.8827,4.6417
"892000","Gewaltkriminalität",5374,"Oberbergischer Kreis","K",528,194,106,"20.1",6,5,449,"85",574,479,95,160,"27.9",13,270242.8147,13.5407,1008.0084,131.38,106.15,63.4718,4.0985,5.78,0.2993,0.1251,29.8636,7.3104
"892000","Gewaltkriminalität",5378,"Rheinisch-Bergischer Kreis","K",521,184,132,"25.3",4,3,455,"87.3",509,421,88,178,"35",8,297213.5658,19.778,1180.4879,109.2136,107.2488,64.5887,3.0575,7.1625,0.2837,0.165,31.0479,4.6541
"892000","Gewaltkriminalität",5382,"Rhein-Sieg-Kreis","K",1109,185,226,"20.4",10,11,888,"80.1",1039,874,165,325,"31.3",19,587215.5577,20.5462,1362.545,122.1439,109.2111,65.0354,2.6432,7.0316,0.2921,0.1403,30.3539,5.1215
"892000","Gewaltkriminalität",5512,"Bottrop","KfS",334,285,48,"14.4",10,0,260,"77.8",322,269,53,105,"32.6",1,118071.2694,25.8475,1467.3275,109.0211,85.51,56.1808,3.08,6.1,0.2516,0.2195,31.5067,1.1875
"892000","Gewaltkriminalität",5513,"Gelsenkirchen","KfS",1095,421,211,"19.3",15,2,795,"72.6",1039,851,188,435,"41.9",1,276934.215,36.8656,1603.6173,66.4574,76.6,50.9792,5.31,5.47,0.2524,0.3971,27.282,2.4986
"892000","Gewaltkriminalität",5515,"Münster","KfS",1022,322,164,"16",7,2,721,"70.5",786,672,114,384,"48.9",1,349892.1713,31.3047,1237.3037,78.6941,85.71,61.1906,1.98,8.71,0.2129,0.4568,24.2978,1.9422
"892000","Gewaltkriminalität",5554,"Borken","K",752,201,104,"13.8",9,5,620,"82.4",747,627,120,223,"29.9",17,369596.6775,11.7683,979.368,185.1797,116.79,65.8876,2.3671,6.0559,0.3503,0.0787,27.2073,2.64
"892000","Gewaltkriminalität",5558,"Coesfeld","K",303,137,60,"19.8",6,0,261,"86.1",327,295,32,106,"32.4",11,215177.9326,11.7241,890.6956,180.6574,113.25,67.0153,2.1782,6.2191,0.3193,0.0933,30.2682,2.3126
"892000","Gewaltkriminalität",5562,"Recklinghausen","K",1673,273,288,"17.2",34,11,1272,"76",1641,1403,238,567,"34.6",10,619686.2775,24.3352,1358.0446,105.0892,90.878,58.2897,3.242,5.897,0.2635,0.2221,31.3812,2.8526
"892000","Gewaltkriminalität",5566,"Steinfurt","K",819,182,134,"16.4",8,1,677,"82.7",816,710,106,312,"38.2",24,434846.0386,10.9963,902.7368,185.8012,116.6104,68.2916,2.4925,5.815,0.338,0.0925,28.2165,3.4041
"892000","Gewaltkriminalität",5570,"Warendorf","K",510,183,87,"17.1",5,6,437,"85.7",583,489,94,214,"36.7",13,271214.907,11.289,861.6449,183.2802,112.1569,70.2494,2.5754,5.9638,0.3262,0.0959,29.2304,1.9683
"892000","Gewaltkriminalität",5711,"Bielefeld","KfS",1003,300,155,"15.5",14,10,738,"73.6",867,747,120,407,"46.9",1,347300.7995,27.0273,1307.3145,89.1004,85.76,56.9225,3.08,7.12,0.2459,0.3256,26.5345,4.3609
"892000","Gewaltkriminalität",5754,"Gütersloh","K",639,175,131,"20.5",7,4,543,"85",741,638,103,333,"44.9",13,354593.7517,12.0171,890.6839,168.5542,109.5038,68.198,2.9808,6.02,0.3206,0.1034,28.0755,4.4712
"892000","Gewaltkriminalität",5758,"Herford","K",518,207,99,"19.1",8,6,388,"74.9",528,443,85,191,"36.2",9,251190.7767,13.4582,1062.5744,148.9861,108.41,64.1609,4.3644,5.3633,0.3106,0.0936,30.6804,5.3522
"892000","Gewaltkriminalität",5762,"Höxter","K",293,209,69,"23.5",2,0,238,"81.2",257,216,41,111,"43.2",10,142447.6958,10.5073,900.6889,175.8552,118.969,72.4182,4.771,4.563,0.3168,0.0749,31.871,6.7597
"892000","Gewaltkriminalität",5766,"Lippe","K",669,193,104,"15.5",10,4,565,"84.5",709,602,107,253,"35.7",16,346639.9882,13.362,1027.8759,145.8258,105.9144,64.9612,4.9838,5.2338,0.2945,0.1011,30.7553,6.3226
"892000","Gewaltkriminalität",5770,"Minden-Lübbecke","K",721,232,107,"14.8",7,2,515,"71.4",621,508,113,167,"26.9",11,309219.8391,10.0899,923.7049,174.5286,116.9718,68.652,3.6345,5.4245,0.3312,0.1003,30.2447,8.1535
"892000","Gewaltkriminalität",5774,"Paderborn","K",782,253,155,"19.8",4,1,591,"75.6",703,583,120,252,"35.8",10,320237.7142,13.054,960.7003,162.0822,114.634,63.7386,3.297,5.43,0.3474,0.1043,28.051,7.4451
"892000","Gewaltkriminalität",5911,"Bochum","KfS",1122,309,180,"16",16,4,815,"72.6",1024,884,140,349,"34.1",1,379594.1599,36.37,1423.9807,54.7007,80.43,53.1623,3.59,6.25,0.2091,0.3906,29.3736,2.7788
"892000","Gewaltkriminalität",5913,"Dortmund","KfS",2912,496,541,"18.6",25,16,1936,"66.5",2344,1967,377,961,"41",1,607988.3995,34.7462,1591.4026,70.7189,79.73,54.0484,3.3,6.45,0.2311,0.4412,27.0046,3.55
"892000","Gewaltkriminalität",5914,"Hagen","KfS",765,405,132,"17.3",14,4,551,"72",677,560,117,282,"41.7",1,198333.464,31.2632,1391.4564,82.9784,82.85,58.2754,5.83,5.39,0.2465,0.4383,28.7189,3.0943
"892000","Gewaltkriminalität",5915,"Hamm","KfS",629,351,115,"18.3",6,3,497,"79",583,493,90,250,"42.9",1,176861.4045,21.3472,1247.1837,111.9674,88.87,63.3387,2.8,5.75,0.2765,0.2542,28.3811,1.1009
"892000","Gewaltkriminalität",5916,"Herne","KfS",486,310,79,"16.3",4,2,347,"71.4",398,334,64,157,"39.4",1,161751.1932,38.2481,1789.2924,60.3187,78.98,50.8073,4.42,5.71,0.2396,0.3927,29.1407,2.1254
"892000","Gewaltkriminalität",5954,"Ennepe-Ruhr-Kreis","K",591,183,112,"19",7,3,464,"78.5",565,462,103,194,"34.3",9,331660.1813,21.2102,1100.041,100.9897,93.32,60.7796,3.7744,5.92,0.241,0.26,32.48,3.204
"892000","Gewaltkriminalität",5958,"Hochsauerlandkreis","K",440,170,89,"20.2",6,0,369,"83.9",455,394,61,143,"31.4",12,262735.4821,11.4175,959.8324,168.4926,109.5183,66.4809,4.9833,5.0083,0.2942,0.1081,30.8917,5.6213
"892000","Gewaltkriminalität",5962,"Märkischer Kreis","K",987,243,192,"19.5",39,4,798,"80.9",995,832,163,326,"32.8",15,418687.516,17.1978,1094.9533,119.5427,98.254,63.3521,5.16,5.31,0.2761,0.1536,30.3594,3.7507
"892000","Gewaltkriminalität",5966,"Olpe","K",234,176,43,"18.4",1,0,204,"87.2",256,215,41,95,"37.1",7,135990.7025,13.6608,1020.7524,139.5308,112.7629,66.1456,3.7186,5.6143,0.309,0.0649,28.6229,8.2122
"892000","Gewaltkriminalität",5970,"Siegen-Wittgenstein","K",598,218,110,"18.4",6,3,474,"79.3",596,503,93,204,"34.2",11,288025.2566,14.9132,1135.4172,129.1467,109.7282,64.8758,4.3927,5.8291,0.2932,0.0977,30.9183,6.962
"892000","Gewaltkriminalität",5974,"Soest","K",729,241,152,"20.9",9,2,612,"84",777,664,113,325,"41.8",14,295877.3848,12.4796,1088.1564,171.8792,111.3036,68.3086,3.4586,5.5236,0.2986,0.0973,30.7703,6.9869
"892000","Gewaltkriminalität",5978,"Unna","K",931,237,146,"15.7",19,6,713,"76.6",895,753,142,347,"38.8",10,390235.225,20.1791,1317.5516,128.3888,95.38,62.9062,3.042,5.722,0.2686,0.1897,31.7806,2.0177
"892000","Gewaltkriminalität",6411,"Darmstadt","KfS",501,314,59,"11.8",0,0,403,"80.4",495,412,83,212,"42.8",1,152412.2735,36.0739,1573.9964,78.0276,81.84,54.9504,3.42,9.56,0.2417,0.5306,23.0405,0.6736
"892000","Gewaltkriminalität",6412,"Frankfurt am Main","KfS",4375,576,580,"13.3",23,22,2821,"64.5",3249,2760,489,1718,"52.9",1,802042.5093,54.7357,1647.4952,53.387,74.08,50.5305,3.07,10.58,0.2357,0.6663,21.3444,2.2754
"892000","Gewaltkriminalität",6413,"Offenbach am Main","KfS",350,267,47,"13.4",0,6,283,"80.9",358,296,62,197,"55",1,122652.6671,51.5347,1838.4488,60.435,75.14,50.9384,3.69,8.76,0.2594,0.6486,21.9858,0.8286
"892000","Gewaltkriminalität",6414,"Wiesbaden","KfS",968,347,120,"12.4",7,8,801,"82.7",910,740,170,382,"42",1,278597.0296,37.6635,1543.5104,78.19,82.89,58.5394,3.27,9.21,0.2415,0.5847,26.0891,2.2351
"892000","Gewaltkriminalität",6431,"Bergstraße","LK",312,115,37,"11.9",2,0,268,"85.9",350,282,68,128,"36.6",23,266191.9972,17.5661,1188.8128,119.6596,111.6159,65.5221,4.4082,6.6368,0.3047,0.1113,31.6436,3.8005
"892000","Gewaltkriminalität",6432,"Darmstadt-Dieburg","LK",374,126,51,"13.6",2,0,329,"88",398,327,71,158,"39.7",23,288917.7316,23.2867,1528.496,130.4715,109.6939,62.2757,3.4648,7.7574,0.3248,0.1355,29.5681,0.624
"892000","Gewaltkriminalität",6433,"Groß-Gerau","LK",446,161,70,"15.7",0,4,368,"82.5",491,428,63,192,"39.1",14,259722.9457,24.7598,1473.7673,125.8913,98.4971,59.5283,3.2314,8.0943,0.3069,0.2489,26.9515,0.3158
"892000","Gewaltkriminalität",6434,"Hochtaunuskreis","LK",340,143,63,"18.5",1,2,289,"85",353,296,57,134,"38",13,233153.403,24.4637,1364.0129,101.4939,113.2677,67.1417,3.4638,8.2562,0.3167,0.213,30.1967,3.486
"892000","Gewaltkriminalität",6435,"Main-Kinzig-Kreis","LK",576,136,85,"14.8",12,3,488,"84.7",633,534,99,279,"44.1",30,409484.1889,18.8456,1360.9422,133.4541,109.7241,64.2358,4.1614,6.599,0.3051,0.1296,31.2097,2.8718
"892000","Gewaltkriminalität",6436,"Main-Taunus-Kreis","LK",387,162,66,"17.1",0,2,322,"83.2",348,298,50,174,"50",12,232067.7284,33.7391,1648.5919,88.9793,99.8775,58.7947,3.155,9.2633,0.2985,0.3363,28.1877,1.3328
"892000","Gewaltkriminalität",6437,"Odenwaldkreis","LK",133,137,12,"9",1,0,123,"92.5",170,149,21,75,"44.1",12,97630.4205,14.3361,1133.1223,147.3011,113.3858,66.5913,4.9542,5.99,0.3053,0.08,33.1636,3.1004
"892000","Gewaltkriminalität",6438,"Offenbach","LK",515,144,72,"14",2,5,423,"82.1",557,474,83,259,"46.5",13,342395.5282,31.6009,1689.3961,97.8197,97.7392,59.246,3.2123,8.3846,0.3012,0.3069,28.8528,0.0638
"892000","Gewaltkriminalität",6439,"Rheingau-Taunus-Kreis","LK",228,122,38,"16.7",0,0,214,"93.9",250,204,46,95,"38",17,183338.5619,20.2493,1230.1639,118.9071,109.0835,65.1507,3.8347,7.3206,0.2805,0.1538,32.0852,2.0297
"892000","Gewaltkriminalität",6440,"Wetteraukreis","LK",399,128,71,"17.8",6,5,344,"86.2",436,364,72,165,"37.8",25,298873.1442,18.3309,1368.2608,140.6979,114.1032,64.9964,3.6596,6.7736,0.3218,0.1092,29.957,1.4251
"892000","Gewaltkriminalität",6531,"Gießen","LK",655,240,94,"14.4",3,1,549,"83.8",639,559,80,292,"45.7",18,258114.3365,18.1611,1345.0936,133.6003,109.5094,65.4225,4.1528,6.4861,0.2913,0.1315,30.3168,3.349
"892000","Gewaltkriminalität",6532,"Lahn-Dill-Kreis","LK",408,161,60,"14.7",3,5,367,"90",478,413,65,204,"42.7",23,255601.6882,15.1591,1168.7666,130.8045,116.7887,67.3883,4.0561,5.6761,0.3147,0.0638,31.0725,4.5656
"892000","Gewaltkriminalität",6533,"Limburg-Weilburg","LK",288,167,37,"12.8",4,0,233,"80.9",292,241,51,99,"33.9",19,172625.7505,15.2673,1207.336,142.2956,118.4237,68.7388,4.3132,5.7068,0.3151,0.0623,30.2562,2.1955
"892000","Gewaltkriminalität",6534,"Marburg-Biedenkopf","LK",512,208,74,"14.5",3,3,428,"83.6",501,445,56,186,"37.1",22,243183.5828,13.954,1093.4274,135.7592,117.6268,67.5854,3.8914,5.8091,0.3266,0.0724,30.0598,4.9216
"892000","Gewaltkriminalität",6535,"Vogelsbergkreis","LK",187,177,36,"19.3",0,0,169,"90.4",188,152,36,65,"34.6",19,106329.61,9.4112,1028.1427,196.0456,124.1489,72.0079,5.3479,4.7068,0.2984,0.0318,35.2385,4.2549
"892000","Gewaltkriminalität",6611,"Kassel","KfS",1057,527,137,"13",11,4,836,"79.1",945,787,158,465,"49.2",1,204576.1034,34.6035,1691.6627,70.6015,80.05,58.1583,4.09,6.77,0.2108,0.4815,26.6112,8.5236
"892000","Gewaltkriminalität",6631,"Fulda","LK",288,129,49,"17",3,3,240,"83.3",284,253,31,90,"31.7",23,219331.2938,11.2302,1083.0644,178.7024,114.5913,64.14,5.8213,5.1604,0.3216,0.0626,30.082,5.7626
"892000","Gewaltkriminalität",6632,"Hersfeld-Rotenburg","LK",221,184,37,"16.7",3,0,204,"92.3",249,210,39,78,"31.3",20,120225.1064,10.1229,1029.0985,181.3048,116.308,68.2215,5.447,4.8065,0.3094,0.0433,33.3037,5.4176
"892000","Gewaltkriminalität",6633,"Kassel","LK",313,132,49,"15.7",2,1,289,"92.3",362,305,57,132,"36.5",29,236613.6567,14.6585,1230.9939,139.6008,112.4539,67.6992,5.0929,5.3768,0.2777,0.0747,33.689,7.6313
"892000","Gewaltkriminalität",6634,"Schwalm-Eder-Kreis","LK",288,160,51,"17.7",3,1,252,"87.5",301,253,48,94,"31.2",27,181033.7137,10.9923,1046.9288,162.7808,117.5159,68.9933,5.2807,5.0337,0.3076,0.0466,32.7679,7.046
"892000","Gewaltkriminalität",6635,"Waldeck-Frankenberg","LK",276,176,31,"11.2",1,4,252,"91.3",324,281,43,130,"40.1",22,156903.6051,9.9669,950.0456,172.7432,117.3273,70.0261,5.0505,4.7532,0.3011,0.0549,32.3325,6.7489
"892000","Gewaltkriminalität",6636,"Werra-Meißner-Kreis","LK",203,204,34,"16.7",3,1,189,"93.1",216,188,28,61,"28.2",17,100262.4199,10.9111,1079.3461,174.3398,114.0831,69.1372,5.7012,4.4912,0.2851,0.0449,35.4594,4.8003
"892000","Gewaltkriminalität",7111,"Koblenz","KfS",448,394,65,"14.5",4,0,334,"74.6",397,328,69,133,"33.5",1,122438.375,29.8922,1502.5776,84.2312,87.98,60.6629,4.2,7.45,0.2159,0.3812,28.3757,3.7903
"892000","Gewaltkriminalität",7131,"Ahrweiler","LK",187,146,23,"12.3",1,1,162,"86.6",228,199,29,71,"31.1",74,127738.2063,9.2197,907.5928,186.5993,120.4162,70.9552,6.2551,4.987,0.2789,0.0226,33.487,7.0668
"892000","Gewaltkriminalität",7132,"Altenkirchen (Westerwald)","LK",248,192,35,"14.1",1,1,221,"89.1",258,215,43,63,"24.4",118,131989.2449,10.2078,946.1534,135.9576,120.9802,65.9752,5.2068,4.8388,0.3114,0.0326,30.9163,10.4568
"892000","Gewaltkriminalität",7133,"Bad Kreuznach","LK",354,222,42,"11.9",5,2,307,"86.7",355,304,51,113,"31.8",118,159010.9874,11.6105,1068.2496,167.1488,126.6624,65.5802,5.348,5.1096,0.3338,0.0247,33.5008,3.7392
"892000","Gewaltkriminalität",7134,"Birkenfeld","LK",165,204,25,"15.2",0,0,147,"89.1",169,139,30,41,"24.3",96,81816.858,8.3647,910.7535,176.6657,126.6486,67.2389,6.6869,4.4063,0.3073,0.0219,34.6748,9.5413
"892000","Gewaltkriminalität",7135,"Cochem-Zell","LK",93,151,12,"12.9",1,0,82,"88.2",105,89,16,29,"27.6",89,63537.9128,9.472,976.3409,174.4616,122.9483,70.4559,6.9977,4.6722,0.288,0.0167,33.5717,10.6379
"892000","Gewaltkriminalität",7137,"Mayen-Koblenz","LK",422,196,62,"14.7",0,0,371,"87.9",453,377,76,142,"31.3",87,215517.0634,13.5633,1142.6426,155.7122,119.3182,69.0784,4.9905,5.2039,0.2908,0.0398,32.2958,6.6635
"892000","Gewaltkriminalität",7138,"Neuwied","LK",319,173,52,"16.3",0,2,278,"87.1",325,276,49,100,"30.8",62,184239.7367,13.3346,1127.2266,140.3778,120.2852,68.5191,4.4245,5.4132,0.3115,0.0454,30.007,8.1709
"892000","Gewaltkriminalität",7140,"Rhein-Hunsrück-Kreis","LK",131,126,16,"12.2",2,1,108,"82.4",135,122,13,42,"31.1",137,103504.2881,8.8085,924.9119,189.9769,128.0456,71.7242,7.2418,4.6537,0.3176,0.0205,31.5502,6.6025
"892000","Gewaltkriminalität",7141,"Rhein-Lahn-Kreis","LK",177,144,19,"10.7",1,2,163,"92.1",215,175,40,65,"30.2",137,123756.5926,11.7816,1008.5878,138.3184,121.4874,67.1889,6.8248,4.8583,0.3086,0.0229,33.2316,2.5542
"892000","Gewaltkriminalität",7143,"Westerwaldkreis","LK",272,133,39,"14.3",0,2,242,"89",290,248,42,82,"28.3",192,204365.6004,12.3566,1119.6659,137.0869,124.4422,66.5329,4.8645,5.0689,0.3307,0.0324,29.9006,7.3698
"892000","Gewaltkriminalität",7211,"Trier","KfS",314,284,48,"15.3",4,1,256,"81.5",336,285,51,122,"36.3",1,124114.3017,31.9224,1479.3294,82.5505,85.33,64.5567,5.65,7.92,0.1902,0.3997,25.5843,2.2803
"892000","Gewaltkriminalität",7231,"Bernkastel-Wittlich","LK",157,139,25,"15.9",1,2,144,"91.7",197,165,32,67,"34",107,113078.3161,8.7413,911.0542,185.0719,124.6146,72.1373,6.2797,5.2081,0.3107,0.0197,32.0188,6.3376
"892000","Gewaltkriminalität",7232,"Eifelkreis Bitburg-Prüm","LK",123,122,23,"18.7",2,1,109,"88.6",133,101,32,39,"29.3",234,97641.9976,5.5,719.1396,257.0491,129.7055,72.8347,7.69,5.4768,0.3197,0.0179,31.3371,10.4014
"892000","Gewaltkriminalität",7233,"Vulkaneifel","LK",86,141,18,"20.9",0,0,79,"91.9",91,74,17,32,"35.2",109,61606.3909,6.7192,789.5289,201.7984,121.8313,67.1864,7.1504,4.7072,0.2803,0.0152,35.0332,10.6261
"892000","Gewaltkriminalität",7235,"Trier-Saarburg","LK",158,105,30,"19",2,1,147,"93",177,160,17,86,"48.6",104,148563.3794,11.4919,1065.5588,166.5035,126.1851,68.5582,5.3939,6.0387,0.3179,0.0258,29.5913,8.824
"892000","Gewaltkriminalität",7311,"Frankenthal (Pfalz)","KfS",174,357,32,"18.4",3,1,136,"78.2",169,136,33,54,"32",1,46068.2588,28.1247,1409.8632,93.3435,92.42,61.64,3.24,7.12,0.2772,0.4491,30.578,-1.0646
"892000","Gewaltkriminalität",7312,"Kaiserslautern","KfS",482,485,141,"29.3",1,1,339,"70.3",401,335,66,112,"27.9",1,107306.065,26.2619,1391.062,97.963,88.13,61.8934,4.64,6.52,0.2047,0.4274,28.2509,4.2994
"892000","Gewaltkriminalität",7313,"Landau in der Pfalz","KfS",171,364,28,"16.4",1,0,133,"77.8",177,156,21,56,"31.6",1,50776.8756,28.2251,1679.0191,109.9007,96.12,62.4559,3.44,7.8,0.2299,0.3733,27.3114,1.0317
"892000","Gewaltkriminalität",7314,"Ludwigshafen am Rhein","KfS",788,458,98,"12.4",10,1,585,"74.2",758,639,119,325,"42.9",1,163011.7847,34.4415,1665.0377,80.3788,84.83,56.0903,3.24,7.31,0.2711,0.5186,25.4932,0.6651
"892000","Gewaltkriminalität",7315,"Mainz","KfS",675,310,89,"13.2",5,1,514,"76.1",634,510,124,299,"47.2",1,213932.9632,44.0917,1675.9737,62.9119,81.04,53.1077,2.86,9.73,0.2136,0.5991,23.6013,0.9492
"892000","Gewaltkriminalität",7316,"Neustadt an der Weinstraße","KfS",146,273,24,"16.4",2,1,119,"81.5",163,143,20,35,"21.5",1,53522.9363,23.3012,1507.2229,130.3237,102.74,64.6453,4.8,6.85,0.2637,0.2523,33.3813,1.2983
"892000","Gewaltkriminalität",7317,"Pirmasens","KfS",169,422,20,"11.8",2,4,154,"91.1",193,166,27,40,"20.7",1,38314.1908,20.2292,1479.8343,133.5799,91.06,67.8886,10.02,4.62,0.2066,0.2492,33.6064,2.4602
"892000","Gewaltkriminalität",7318,"Speyer","KfS",240,475,45,"18.8",3,3,209,"87.1",248,211,37,128,"51.6",1,51279.8291,26.8621,1425.096,94.6652,92.86,65.8552,3.47,7.2,0.2401,0.3807,31.4013,0.4226
"892000","Gewaltkriminalität",7319,"Worms","KfS",250,298,28,"11.2",2,1,200,"80",248,208,40,134,"54",1,81666.9589,24.9975,1543.7002,115.0268,92.33,62.8159,4.17,6.91,0.2638,0.34,27.654,0.0244
"892000","Gewaltkriminalität",7320,"Zweibrücken","KfS",104,305,15,"14.4",0,2,88,"84.6",107,90,17,29,"27.1",1,33185.8236,17.0534,1365.2932,142.6154,100.94,67.8616,6.12,5.18,0.2472,0.1865,32.5518,5.5234
"892000","Gewaltkriminalität",7331,"Alzey-Worms","LK",173,132,24,"13.9",0,0,156,"90.2",186,140,46,58,"31.2",69,128377.6962,15.2082,1303.3024,171.8748,125.0752,67.0841,4.586,6.0709,0.3308,0.0442,30.4963,0.9416
"892000","Gewaltkriminalität",7332,"Bad Dürkheim","LK",239,179,38,"15.9",1,0,213,"89.1",242,207,35,56,"23.1",48,133586.5752,15.9649,1310.9439,161.4216,123.2273,68.6121,4.6773,6.3667,0.3044,0.055,33.553,1.8897
"892000","Gewaltkriminalität",7333,"Donnersbergkreis","LK",97,128,11,"11.3",0,0,91,"93.8",132,105,27,19,"14.4",81,76685.404,10.651,1056.6958,177.5552,125.582,70.7812,7.3882,5.0127,0.3136,0.022,32.8136,2.6003
"892000","Gewaltkriminalität",7334,"Germersheim","LK",194,150,36,"18.6",4,0,166,"85.6",211,174,37,50,"23.7",31,127907.9724,16.3938,1335.608,160.9335,121.9697,63.4452,4.1703,6.4558,0.3472,0.0899,29.4053,-0.879
"892000","Gewaltkriminalität",7335,"Kaiserslautern","LK",133,124,24,"18",1,0,115,"86.5",142,119,23,44,"31",50,105769.4136,12.2841,1203.8117,173.1616,131.7582,72.458,6.1638,6.1826,0.3102,0.0251,31.6852,7.1197
"892000","Gewaltkriminalität",7336,"Kusel","LK",114,163,17,"14.9",0,2,102,"89.5",113,100,13,53,"46.9",98,72374.8835,9.6091,975.5289,164.7308,128.3457,71.0505,7.6527,5.0615,0.3032,0.0166,34.9216,8.0018
"892000","Gewaltkriminalität",7337,"Südliche Weinstraße","LK",185,166,30,"16.2",0,0,155,"83.8",207,177,30,58,"28",75,110912.1746,13.7616,1232.4357,163.7498,124.3688,70.1898,5.9624,6.1489,0.3184,0.0373,32.7338,1.9849
"892000","Gewaltkriminalität",7338,"Rhein-Pfalz-Kreis","LK",234,151,29,"12.4",4,1,205,"87.6",267,220,47,101,"37.8",25,151766.9851,21.6308,1468.3726,137.6468,118.0332,69.3625,3.6024,6.7548,0.3214,0.1023,31.4435,-1.0661
"892000","Gewaltkriminalität",7339,"Mainz-Bingen","LK",288,136,38,"13.2",4,3,247,"85.8",323,274,49,130,"40.2",64,208948.9514,17.8177,1326.2196,144.1641,119.9598,67.1441,5.0292,6.7931,0.3144,0.0653,30.457,1.8578
"892000","Gewaltkriminalität",7340,"Südwestpfalz","LK",89,94,13,"14.6",0,0,85,"95.5",110,87,23,24,"21.8",84,110824.8918,11.8964,1066.9177,145.1094,126.4974,72.7864,6.6826,4.82,0.3023,0.0159,35.7616,6.8091
"892000","Gewaltkriminalität",8111,"Stuttgart","SK",2391,382,470,"19.7",6,8,1676,"70.1",2052,1760,292,1054,"51.4",1,636297.4822,51.9384,1711.862,56.4413,79.76,51.1486,3.46,10.39,0.249,0.5211,23.8937,0.778
"892000","Gewaltkriminalität",8115,"Böblingen","LK",524,133,92,"17.6",6,2,433,"82.6",569,480,89,269,"47.3",26,372822.7649,24.4634,1399.6811,107.0606,104.2362,57.7873,3.9735,8.8077,0.3389,0.2074,27.0458,1.1472
"892000","Gewaltkriminalität",8116,"Esslingen","LK",732,137,142,"19.4",3,5,616,"84.2",733,627,106,383,"52.3",44,518234.1376,24.9974,1477.2098,105.9784,102.8511,59.5735,4.1541,8.3402,0.3141,0.1671,28.8153,1.2125
"892000","Gewaltkriminalität",8117,"Göppingen","LK",351,135,57,"16.2",3,8,291,"82.9",346,292,54,173,"50",38,250004.449,17.685,1259.22,138.004,107.0903,60.8154,4.8653,6.9487,0.3167,0.1156,30.4271,9.6541
"892000","Gewaltkriminalität",8118,"Ludwigsburg","LK",649,119,120,"18.5",5,2,543,"83.7",663,570,93,308,"46.5",39,528308.3515,25.3091,1389.9559,105.5101,101.2951,57.9781,4.2408,8.3374,0.313,0.2194,27.5312,0.3655
"892000","Gewaltkriminalität",8119,"Rems-Murr-Kreis","LK",642,150,123,"19.2",0,4,519,"80.8",614,505,109,301,"49",31,417439.0728,20.7833,1233.1165,114.8591,102.5039,60.2328,4.3058,7.5803,0.3208,0.1458,29.2037,3.1468
"892000","Gewaltkriminalität",8121,"Heilbronn","SK",307,244,38,"12.4",2,3,230,"74.9",305,268,37,175,"57.4",1,122697.0069,31.0076,1543.7537,89.2646,87.34,57.5058,4.02,8.49,0.2777,0.4011,25.3455,0.0774
"892000","Gewaltkriminalität",8125,"Heilbronn","LK",270,78,43,"15.9",0,3,231,"85.6",298,255,43,129,"43.3",46,330331.1159,16.6858,1224.3792,146.7609,110.4102,61.0185,4.6476,7.3185,0.34,0.1244,27.1686,3.4119
"892000","Gewaltkriminalität",8126,"Hohenlohekreis","LK",108,95,16,"14.8",0,0,94,"87",105,91,14,48,"45.7",16,108556.7069,11.4505,990.9903,158.7484,112.7225,63.0692,5.035,6.3606,0.3489,0.1265,27.4905,6.6972
"892000","Gewaltkriminalität",8127,"Schwäbisch Hall","LK",195,98,31,"15.9",0,0,172,"88.2",224,199,25,85,"37.9",30,189327.8565,9.6678,996.6786,181.767,114.1343,64.5374,5.3517,6.052,0.3345,0.0846,27.9011,13.6477
"892000","Gewaltkriminalität",8128,"Main-Tauber-Kreis","LK",151,114,26,"17.2",0,1,134,"88.7",150,129,21,68,"45.3",18,130645.6806,11.3196,1121.5507,199.7629,116.5028,66.928,6.6106,5.3772,0.331,0.0748,31.3371,2.0779
"892000","Gewaltkriminalität",8135,"Heidenheim","LK",196,147,17,"8.7",3,1,164,"83.7",205,175,30,86,"42",11,127742.5093,14.4581,1195.5979,161.6336,109.0582,61.1598,4.9073,6.3191,0.334,0.1153,30.5251,11.2284
"892000","Gewaltkriminalität",8136,"Ostalbkreis","LK",413,131,60,"14.5",1,2,328,"79.4",415,342,73,175,"42.2",42,310499.7119,12.8942,1197.4579,163.1346,114.6843,61.7363,5.0905,6.2695,0.3566,0.0748,28.596,16.9532
"892000","Gewaltkriminalität",8211,"Baden-Baden","SK",142,256,23,"16.2",1,0,115,"81",108,96,12,55,"50.9",1,60296.1538,25.2602,1229.5396,94.8987,99.2,64.8861,5.22,7.83,0.2282,0.3488,34.5483,0.8078
"892000","Gewaltkriminalität",8212,"Karlsruhe","SK",864,282,132,"15.3",4,3,656,"75.9",816,688,128,335,"41.1",1,328782.6435,37.3744,1396.9336,63.4337,85.15,57.4796,3.21,8.46,0.2344,0.5785,25.4627,0.9715
"892000","Gewaltkriminalität",8215,"Karlsruhe","LK",429,96,53,"12.4",2,3,359,"83.7",466,413,53,191,"41",32,435354.9164,20.6104,1408.8975,137.1233,112.0884,62.7449,4.3303,7.1031,0.3247,0.1318,29.2962,1.2421
"892000","Gewaltkriminalität",8216,"Rastatt","LK",298,128,30,"10.1",1,3,241,"80.9",298,248,50,139,"46.6",23,226782.079,18.0668,1262.7567,140.5048,110.5948,64.3825,4.8487,6.7148,0.3125,0.1128,30.3627,2.3187
"892000","Gewaltkriminalität",8221,"Heidelberg","SK",490,308,79,"16.1",2,1,374,"76.3",443,390,53,255,"57.6",1,154683.0806,38.8553,1400.3746,71.8325,83.25,53.942,3.37,10.02,0.2394,0.5381,21.5267,1.3962
"892000","Gewaltkriminalität",8222,"Mannheim","SK",988,317,134,"13.6",10,4,724,"73.3",899,744,155,445,"49.5",1,331293.6751,39.2761,1505.6468,64.7297,79.54,54.7899,4.54,8.39,0.23,0.6129,24.802,0.699
"892000","Gewaltkriminalität",8225,"Neckar-Odenwald-Kreis","LK",171,119,38,"22.2",1,1,150,"87.7",191,161,30,52,"27.2",27,142734.7657,12.4707,1125.2816,156.0619,116.7893,64.8369,5.5259,5.5507,0.3384,0.0614,30.9075,5.3836
"892000","Gewaltkriminalität",8226,"Rhein-Neckar-Kreis","LK",587,107,96,"16.4",3,3,511,"87.1",637,555,82,267,"41.9",54,540329.9153,23.717,1458.4464,124.9107,110.3833,63.8108,4.6307,6.9891,0.3059,0.145,29.9147,2.9193
"892000","Gewaltkriminalität",8231,"Pforzheim","SK",454,362,68,"15",5,1,352,"77.5",463,404,59,244,"52.7",1,123847.1262,35.7217,1444.7499,76.0292,85.42,56.0593,3.72,7.36,0.291,0.5091,26.427,4.2048
"892000","Gewaltkriminalität",8235,"Calw","LK",190,118,19,"10",0,0,172,"90.5",204,175,29,95,"46.6",25,151291.7603,14.0905,1049.2168,122.2731,105.6012,60.3105,6.2596,6.6524,0.3145,0.149,29.2383,6.1455
"892000","Gewaltkriminalität",8236,"Enzkreis","LK",151,75,22,"14.6",0,0,126,"83.4",155,139,16,76,"49",28,195625.5645,19.0987,1297.6926,125.9749,111.1932,63.4797,4.9618,7.0436,0.322,0.1017,29.6807,3.7137
"892000","Gewaltkriminalität",8237,"Freudenstadt","LK",167,140,18,"10.8",1,0,150,"89.8",193,163,30,79,"40.9",16,115372.9721,11.0497,883.2788,129.5764,107.7287,61.3514,6.004,6.0519,0.332,0.1087,28.4387,5.0738
"892000","Gewaltkriminalität",8311,"Freiburg im Breisgau","SK",720,311,120,"16.7",5,3,527,"73.2",692,595,97,329,"47.5",1,247039.6575,49.8868,1500.8144,53.5167,80.75,56.3511,2.37,9.74,0.2479,0.5889,23.0239,2.0506
"892000","Gewaltkriminalität",8315,"Breisgau-Hochschwarzwald","LK",324,122,59,"18.2",1,3,282,"87",323,278,45,147,"45.5",50,254093.8755,15.45,1067.5742,129.1807,105.7294,60.4463,3.705,7.8018,0.3082,0.1691,29.8875,4.3703
"892000","Gewaltkriminalität",8316,"Emmendingen","LK",245,146,46,"18.8",1,0,211,"86.1",248,212,36,106,"42.7",24,161341.8248,16.0037,1034.8174,132.2981,107.7979,60.1351,3.8454,7.1079,0.3245,0.1269,28.847,3.1981
"892000","Gewaltkriminalität",8317,"Ortenaukreis","LK",821,189,92,"11.2",4,4,671,"81.7",815,693,122,363,"44.5",52,419030.058,12.6289,931.589,138.3558,109.8969,59.879,4.9788,6.399,0.3232,0.1053,29.6196,4.7817
"892000","Gewaltkriminalität",8325,"Rottweil","LK",160,114,28,"17.5",3,2,134,"83.8",168,148,20,76,"45.2",21,136867.0159,11.7574,976.397,138.6965,112.4981,64.6358,6.0319,5.93,0.3217,0.0713,29.2541,7.6673
"892000","Gewaltkriminalität",8326,"Schwarzwald-Baar-Kreis","LK",268,126,30,"11.2",2,1,212,"79.1",269,230,39,133,"49.4",20,206344.4117,12.7696,897.8667,130.6741,102.707,62.0078,6.1,6.236,0.2897,0.1964,31.039,3.6382
"892000","Gewaltkriminalität",8327,"Tuttlingen","LK",146,103,16,"11",0,2,122,"83.6",182,165,17,83,"45.6",35,134859.8821,12.8532,1179.122,143.2415,119.086,64.4113,4.92,6.0757,0.3757,0.0604,27.1753,5.3668
"892000","Gewaltkriminalität",8335,"Konstanz","LK",447,155,53,"11.9",9,1,369,"82.6",504,434,70,233,"46.2",25,278152.8269,17.9442,1199.5346,135.0671,107.0908,63.4791,3.876,7.75,0.2935,0.1709,30.2161,6.149
"892000","Gewaltkriminalität",8336,"Lörrach","LK",412,180,71,"17.2",2,1,355,"86.2",440,374,66,202,"45.9",35,240578.7741,15.1989,1053.7098,135.0474,111.5286,61.6765,4.8941,7.2477,0.3254,0.1426,29.1901,4.1429
"892000","Gewaltkriminalität",8337,"Waldshut","LK",197,115,31,"15.7",1,0,178,"90.4",213,173,40,97,"45.5",32,175913.5342,11.4954,976.6241,148.1565,110.3003,65.6054,5.8481,6.6328,0.2978,0.1564,30.5808,8.6316
"892000","Gewaltkriminalität",8415,"Reutlingen","LK",517,179,97,"18.8",2,3,435,"84.1",489,398,91,239,"48.9",27,291761.2477,16.2135,1244.8101,144.6241,111.2804,62.2429,4.9946,7.0519,0.3361,0.0997,28.758,6.909
"892000","Gewaltkriminalität",8416,"Tübingen","LK",299,130,61,"20.4",1,1,243,"81.3",266,233,33,100,"37.6",15,218693.1504,19.9096,1360.4763,117.4145,107.7907,62.5387,3.9533,7.942,0.3414,0.1305,26.9676,3.044
"892000","Gewaltkriminalität",8417,"Zollernalbkreis","LK",261,137,28,"10.7",2,1,235,"90",323,263,60,122,"37.8",25,186936.1022,12.64,1194.3644,155.1146,119.926,66.6118,5.7446,6.182,0.3539,0.0573,29.8173,4.3384
"892000","Gewaltkriminalität",8421,"Ulm","SK",389,306,52,"13.4",5,0,311,"79.9",406,355,51,197,"48.5",1,120342.4243,27.6332,1415.786,91.0654,87.64,57.5582,3.2,8.48,0.2842,0.4648,25.0039,5.297
"892000","Gewaltkriminalität",8425,"Alb-Donau-Kreis","LK",165,83,26,"15.8",3,1,145,"87.9",201,179,22,100,"49.8",55,189981.8426,11.1125,1134.0415,189.6905,119.256,61.4797,5.3976,6.3715,0.3866,0.0485,26.9431,14.3068
"892000","Gewaltkriminalität",8426,"Biberach","LK",258,127,32,"12.4",3,2,219,"84.9",277,237,40,126,"45.5",45,191867.7727,10.2371,1126.5897,192.6222,121.5949,65.5328,5.0103,6.1951,0.3748,0.0644,26.5386,10.7602
"892000","Gewaltkriminalität",8435,"Bodenseekreis","LK",658,301,50,"7.6",3,2,598,"90.9",342,286,56,126,"36.8",23,219055.8415,28.9082,1180.9671,130.8049,104.2717,63.1904,4.1304,8.1896,0.2805,0.1985,31.4864,36.984
"892000","Gewaltkriminalität",8436,"Ravensburg","LK",438,153,59,"13.5",3,3,375,"85.6",464,416,48,191,"41.2",39,274751.5178,10.4761,930.8331,165.2985,114.6756,63.3978,4.0389,6.8533,0.3508,0.1009,26.8917,4.9271
"892000","Gewaltkriminalität",8437,"Sigmaringen","LK",211,160,29,"13.7",1,1,177,"83.9",253,222,31,101,"39.9",25,127676.2593,10.0211,1031.7409,185.8609,115.9404,65.608,5.1772,5.84,0.3348,0.0718,29.6076,4.4163
"892000","Gewaltkriminalität",9161,"Ingolstadt","KfS",365,264,62,"17",1,1,294,"80.5",366,288,78,169,"46.2",1,134187.3407,25.85,1694.7209,110.059,87.28,56.6306,3.84,9.16,0.2768,0.4145,24.7186,3.8607
"892000","Gewaltkriminalität",9162,"München","KfS",4088,275,716,"17.5",34,11,3193,"78.1",3981,3326,655,2167,"54.4",1,1610323.1234,69.08,1796.3807,35.941,73.48,50.3751,2.43,12.89,0.2166,0.7742,22.5641,2.6534
"892000","Gewaltkriminalität",9163,"Rosenheim","KfS",215,339,33,"15.3",0,0,159,"74",197,162,35,89,"45.2",1,61917.8132,33.0581,1518.6629,72.1355,83.13,53.1414,1.99,9.09,0.2629,0.4908,26.3874,7.1702
"892000","Gewaltkriminalität",9171,"Altötting","LK",169,151,29,"17.2",0,2,138,"81.7",171,146,25,60,"35.1",24,109476.4901,9.7318,939.8694,198.6257,124.3938,68.6824,3.6322,6.0262,0.3549,0.1056,28.8191,7.6425
"892000","Gewaltkriminalität",9172,"Berchtesgadener Land","LK",118,111,33,"28",0,0,100,"84.7",112,99,13,51,"45.5",17,103957.6328,9.693,719.2619,119.687,99.3413,60.3593,3.962,7.2153,0.2941,0.2066,30.4588,6.4349
"892000","Gewaltkriminalität",9173,"Bad Tölz-Wolfratshausen","LK",139,109,39,"28.1",1,1,121,"87.1",136,105,31,54,"39.7",23,124151.0839,10.6568,848.2833,128.8431,111.8386,67.7967,3.295,9.0181,0.328,0.1273,28.3667,3.2093
"892000","Gewaltkriminalität",9174,"Dachau","LK",170,109,27,"15.9",0,1,139,"81.8",182,159,23,79,"43.4",17,148006.42,14.5368,1172.2559,142.2562,113.6841,61.4886,3.1159,9.3576,0.3619,0.1109,25.8104,8.6271
"892000","Gewaltkriminalität",9175,"Ebersberg","LK",151,104,24,"15.9",1,0,131,"86.8",147,119,28,72,"49",24,136336.1066,12.9888,921.2678,110.9575,116.4971,63.7265,3.0752,9.7029,0.368,0.1638,25.46,7.2496
"892000","Gewaltkriminalität",9176,"Eichstätt","LK",132,99,35,"26.5",0,0,126,"95.5",164,139,25,87,"53",31,128133.0361,11.2321,1143.8771,183.0254,129.5293,65.0389,4.9427,7.311,0.4119,0.039,25.8757,8.7843
"892000","Gewaltkriminalität",9177,"Erding","LK",156,112,37,"23.7",1,0,142,"91",172,142,30,92,"53.5",26,133037.2768,8.96,903.4552,175.8849,122.7523,65.2449,3.2308,8.83,0.3848,0.0864,24.1785,12.859
"892000","Gewaltkriminalität",9178,"Freising","LK",179,99,32,"17.9",0,2,152,"84.9",189,165,24,87,"46",24,172552.8686,11.5135,1030.2792,159.4195,117.8012,66.0729,3.1679,8.9392,0.3587,0.1211,23.9014,9.1735
"892000","Gewaltkriminalität",9179,"Fürstenfeldbruck","LK",331,151,78,"23.6",0,0,282,"85.2",335,264,71,145,"43.3",23,213282.8955,19.3557,1317.1091,122.4927,113.677,63.0171,3.07,9.5483,0.348,0.1313,28.0664,7.053
"892000","Gewaltkriminalität",9180,"Garmisch-Partenkirchen","LK",109,124,25,"22.9",0,1,97,"89",103,82,21,42,"40.8",23,85438.008,8.7932,727.5536,144.901,98.7255,57.8546,4.7533,8.4573,0.2784,0.1335,31.3728,4.7639
"892000","Gewaltkriminalität",9181,"Landsberg am Lech","LK",137,113,39,"28.5",1,0,110,"80.3",117,97,20,47,"40.2",32,118740.8079,10.1834,926.8543,160.7067,123.2526,67.8331,3.8465,8.0861,0.3547,0.0606,27.4058,6.4146
"892000","Gewaltkriminalität",9182,"Miesbach","LK",99,99,40,"40.4",0,0,83,"83.8",97,90,7,38,"39.2",17,97003.6007,10.7592,892.1586,149.3415,108.3241,67.3561,4.3859,9.4,0.2863,0.188,30.8269,4.6636
"892000","Gewaltkriminalität",9183,"Mühldorf a.Inn","LK",137,116,29,"21.2",0,1,120,"87.6",132,106,26,50,"37.9",32,108134.9442,7.2624,808.0424,199.7054,133.7897,69.217,4.261,6.3584,0.3995,0.0679,27.4568,9.5057
"892000","Gewaltkriminalität",9184,"München","LK",417,119,103,"24.7",2,4,360,"86.3",454,369,85,208,"45.8",32,340695.3345,23.2461,1302.1039,86.9632,107.3297,60.5197,2.7866,11.71,0.337,0.3359,26.699,6.2306
"892000","Gewaltkriminalität",9185,"Neuburg-Schrobenhausen","LK",160,162,27,"16.9",2,0,137,"85.6",156,129,27,57,"36.5",18,93797.8364,8.6672,1113.1653,223.1974,132.2094,68.8033,4.2344,6.8072,0.3993,0.0415,26.6981,9.2027
"892000","Gewaltkriminalität",9186,"Pfaffenhofen a.d.Ilm","LK",136,105,29,"21.3",1,0,118,"86.8",148,128,20,56,"37.8",19,121758.7835,10.875,1139.0615,190.6752,123.7758,68.9169,4.2279,7.7095,0.3702,0.0686,26.0078,7.1885
"892000","Gewaltkriminalität",9187,"Rosenheim","LK",249,95,47,"18.9",2,1,216,"86.7",259,215,44,99,"38.2",48,252581.4645,9.5227,843.2571,144.3249,115.822,64.582,3.6205,8.172,0.3277,0.1171,29.2295,7.6836
"892000","Gewaltkriminalität",9188,"Starnberg","LK",165,121,42,"25.5",1,0,145,"87.9",161,127,34,75,"46.6",15,133192.9319,15.7442,1109.2918,118.5981,114.7943,65.1353,3.1921,10.635,0.3101,0.2135,30.7902,6.0512
"892000","Gewaltkriminalität",9189,"Traunstein","LK",173,97,37,"21.4",0,0,146,"84.4",180,143,37,48,"26.7",37,172702.4835,8.3834,827.925,166.6178,114.9709,68.5311,4.3797,7.0937,0.3134,0.1096,30.9919,7.0523
"892000","Gewaltkriminalität",9190,"Weilheim-Schongau","LK",125,91,16,"12.8",0,2,115,"92",136,111,25,51,"37.5",34,132370.1123,9.018,795.3894,178.9247,118.6297,66.7705,3.9838,7.5791,0.343,0.0801,28.2814,5.2652
"892000","Gewaltkriminalität",9261,"Landshut","KfS",225,308,54,"24",0,0,194,"86.2",226,200,26,114,"50.4",1,68580.5106,26.4483,1560.3056,110.5522,89.77,67.0464,4.15,8.2,0.2301,0.4591,27.145,10.3462
"892000","Gewaltkriminalität",9262,"Passau","KfS",131,247,28,"21.4",1,0,113,"86.3",132,114,18,57,"43.2",1,51260.9343,18.0433,1202.4108,122.2296,84.46,61.3053,5.66,8.03,0.2028,0.4808,28.8266,6.1891
"892000","Gewaltkriminalität",9263,"Straubing","KfS",153,320,23,"15",0,0,132,"86.3",168,137,31,60,"35.7",1,46615.9689,21.0741,1494.3125,116.3096,89.38,66.8237,4.28,6.64,0.2271,0.345,29.781,5.1101
"892000","Gewaltkriminalität",9271,"Deggendorf","LK",175,145,37,"21.1",0,0,150,"85.7",203,178,25,79,"38.9",26,116909.2537,7.801,920.6545,214.5899,129.0488,69.9493,4.8465,5.335,0.3647,0.05,28.9817,13.544
"892000","Gewaltkriminalität",9272,"Freyung-Grafenau","LK",68,86,12,"17.6",0,0,64,"94.1",68,58,10,22,"32.4",36,78165.0165,4.405,579.4721,134.6002,121.926,64.0663,7.0984,4.604,0.3492,0.0633,32.2938,9.1392
"892000","Gewaltkriminalität",9273,"Kelheim","LK",113,91,18,"15.9",1,1,99,"87.6",115,85,30,34,"29.6",28,117014.9019,7.8661,960.6861,186.2822,129.9933,66.424,4.7296,6.4517,0.3963,0.0672,26.8264,8.3677
"892000","Gewaltkriminalität",9274,"Landshut","LK",119,73,25,"21",1,0,101,"84.9",124,96,28,50,"40.3",35,152112.1743,8.3414,982.1318,214.423,129.1086,70.3826,3.9291,6.6706,0.3771,0.0638,26.8418,13.554
"892000","Gewaltkriminalität",9275,"Passau","LK",154,79,29,"18.8",1,1,140,"90.9",175,140,35,49,"28",38,189344.2567,7.2538,830.4639,190.5916,123.7082,69.8548,5.2095,5.5153,0.3429,0.0853,31.2234,10.3712
"892000","Gewaltkriminalität",9276,"Regen","LK",74,96,11,"14.9",0,0,68,"91.9",86,74,12,32,"37.2",24,75905.9049,6.6135,771.129,198.2938,115.9088,64.6799,7.3908,4.7104,0.33,0.0634,31.4309,13.3991
"892000","Gewaltkriminalität",9277,"Rottal-Inn","LK",147,120,34,"23.1",0,4,123,"83.7",159,132,27,51,"32.1",31,117797.3028,5.9479,732.4016,225.4458,135.5603,72.9081,4.6807,5.3652,0.3712,0.0637,30.3708,9.3592
"892000","Gewaltkriminalität",9278,"Straubing-Bogen","LK",70,68,20,"28.6",0,0,66,"94.3",88,71,17,38,"43.2",37,97413.6541,6.8722,864.357,217.3396,130.8762,69.6218,5.0962,5.4997,0.3873,0.0348,28.0251,11.0271
"892000","Gewaltkriminalität",9279,"Dingolfing-Landau","LK",147,150,21,"14.3",0,0,131,"89.1",141,122,19,68,"48.2",15,92104.4769,7.8451,959.7515,229.1018,127.206,70.9715,3.9107,6.1813,0.3625,0.0805,27.2785,10.2507
"892000","Gewaltkriminalität",9361,"Amberg","KfS",112,267,24,"21.4",0,1,96,"85.7",114,87,27,45,"39.5",1,42594.0344,22.1383,1545.7733,119.2143,89.39,60.5536,4.8,6.36,0.2363,0.3203,31.4715,6.9972
"892000","Gewaltkriminalität",9362,"Regensburg","KfS",434,283,70,"16.1",1,1,342,"78.8",418,356,62,163,"39",1,163182.1835,33.2482,1521.4195,64.2135,76.37,56.7996,2.89,9.38,0.183,0.615,23.4056,4.3587
"892000","Gewaltkriminalität",9363,"Weiden i.d.OPf.","KfS",122,287,27,"22.1",0,0,103,"84.4",124,103,21,50,"40.3",1,42992.7855,20.0153,1432.3808,114.3967,88.65,61.2083,5.7,5.95,0.2196,0.3094,30.718,4.7921
"892000","Gewaltkriminalität",9371,"Amberg-Sulzbach","LK",113,109,34,"30.1",1,1,104,"92",107,93,14,25,"23.4",28,104433.3922,8.1959,918.3195,194.0243,122.2822,64.5765,6.3396,5.1648,0.3593,0.0289,30.2609,11.0263
"892000","Gewaltkriminalität",9372,"Cham","LK",124,97,21,"16.9",0,0,105,"84.7",122,107,15,34,"27.9",39,125758.1641,6.4798,813.7371,206.2173,123.8138,66.1234,7.0905,4.8408,0.3572,0.0401,30.6525,13.1222
"892000","Gewaltkriminalität",9373,"Neumarkt i.d.OPf.","LK",118,87,30,"25.4",0,0,109,"92.4",121,101,20,55,"45.5",19,129419.3017,8.8118,1009.3942,241.0605,130.2637,66.3887,4.4984,6.4947,0.4002,0.0579,26.3653,10.418
"892000","Gewaltkriminalität",9374,"Neustadt a.d.Waldnaab","LK",79,83,14,"17.7",0,1,68,"86.1",64,48,16,17,"26.6",41,96024.9291,8.0124,912.2256,197.0118,120.4347,67.5836,6.4992,4.8861,0.3425,0.0322,29.9533,12.2586
"892000","Gewaltkriminalität",9375,"Regensburg","LK",113,58,22,"19.5",1,1,104,"92",128,101,27,57,"44.5",43,190566.5454,11.1319,1095.3711,164.1684,123.7878,68.1769,4.6693,6.4344,0.355,0.0576,28.3531,9.5071
"892000","Gewaltkriminalität",9376,"Schwandorf","LK",231,155,42,"18.2",0,1,205,"88.7",251,205,46,95,"37.8",34,145761.4069,7.6648,890.6955,196.2432,120.0055,64.4911,6.4561,4.9003,0.3459,0.0358,29.9764,11.8837
"892000","Gewaltkriminalität",9377,"Tirschenreuth","LK",111,155,15,"13.5",0,1,106,"95.5",113,82,31,21,"18.6",26,74546.0718,7.9094,895.0753,194.8673,115.0342,63.4921,7.4415,4.2473,0.3292,0.0568,31.483,17.8023
"892000","Gewaltkriminalität",9461,"Bamberg","KfS",309,397,65,"21",2,1,262,"84.8",328,277,51,162,"49.4",1,76968.8208,28.8922,1550.0528,90.664,82.04,56.8024,4.8,7.66,0.1941,0.4285,26.946,3.1597
"892000","Gewaltkriminalität",9462,"Bayreuth","KfS",221,299,54,"24.4",1,1,187,"84.6",190,164,26,60,"31.6",1,72979.4202,24.8398,1452.0128,107.1941,82.8,57.2041,4.85,7.11,0.1902,0.4703,28.8107,3.5676
"892000","Gewaltkriminalität",9463,"Coburg","KfS",134,327,28,"20.9",0,0,107,"79.9",125,110,15,34,"27.2",1,41635.3295,20.5201,1410.6012,113.1826,91.28,60.8507,5.88,6.38,0.1995,0.3359,31.214,8.6426
"892000","Gewaltkriminalität",9464,"Hof","KfS",151,335,27,"17.9",0,0,135,"89.4",178,154,24,84,"47.2",1,44436.6966,19.9536,1364.5402,114.9567,86.51,60.4429,7.8,5.05,0.2119,0.3566,31.4115,5.7134
"892000","Gewaltkriminalität",9471,"Bamberg","LK",113,77,17,"15",0,2,98,"86.7",114,96,18,22,"19.3",46,148033.6839,9.3837,910.9652,149.0612,119.1719,56.0176,5.4303,5.5903,0.3538,0.0473,28.4965,6.6415
"892000","Gewaltkriminalität",9472,"Bayreuth","LK",75,72,11,"14.7",0,5,65,"86.7",84,68,16,29,"34.5",43,106317.2677,6.2998,730.2618,139.3132,117.4003,65.0911,6.6809,5.1173,0.3219,0.0506,31.7526,9.3219
"892000","Gewaltkriminalität",9473,"Coburg","LK",92,106,14,"15.2",1,0,83,"90.2",97,73,24,21,"21.6",20,88585.8426,9.7554,983.4988,146.5694,115.2994,56.0414,5.0153,5.3706,0.3058,0.0905,32.3711,7.1527
"892000","Gewaltkriminalität",9474,"Forchheim","LK",86,74,17,"19.8",1,0,80,"93",102,86,16,35,"34.3",29,116520.5287,11.4258,1061.9899,161.123,122.2441,66.2252,5.3772,6.0545,0.3462,0.0319,30.229,5.6016
"892000","Gewaltkriminalität",9475,"Hof","LK",100,106,25,"25",0,1,89,"89",100,86,14,27,"27",31,98338.1012,7.8832,842.9642,162.1143,109.6422,65.0613,8.4152,4.3815,0.279,0.054,35.0308,8.9221
"892000","Gewaltkriminalität",9476,"Kronach","LK",101,153,15,"14.9",0,1,86,"85.1",88,77,11,25,"28.4",20,69916.0841,8.9916,900.9141,150.4151,114.7289,60.4517,7.1511,4.6156,0.3052,0.0277,34.9841,7.3382
"892000","Gewaltkriminalität",9477,"Kulmbach","LK",89,125,12,"13.5",1,4,82,"92.1",82,69,13,21,"25.6",22,74239.3835,8.2453,916.5802,185.9108,116.6818,67.5269,7.0727,4.83,0.2977,0.0487,34.1495,12.5874
"892000","Gewaltkriminalität",9478,"Lichtenfels","LK",105,157,22,"21",0,0,94,"89.5",101,85,16,32,"31.7",13,68023.4372,9.4685,1010.1182,159.0159,115.5527,60.8053,5.6709,5.1791,0.3109,0.0592,31.9551,16.2292
"892000","Gewaltkriminalität",9479,"Wunsiedel i.Fichtelgebirge","LK",91,127,14,"15.4",0,1,83,"91.2",105,91,14,32,"30.5",26,74815.6937,6.1195,673.031,114.6714,104.6665,57.7114,9.9653,4.2912,0.2583,0.084,35.913,9.385
"892000","Gewaltkriminalität",9561,"Ansbach","KfS",140,336,23,"16.4",0,0,130,"92.9",160,125,35,73,"45.6",1,40770.3774,16.1211,1194.5698,144.7815,91.33,61.7878,5.03,6.68,0.2338,0.2619,29.4437,5.9228
"892000","Gewaltkriminalität",9562,"Erlangen","KfS",222,196,34,"15.3",2,0,181,"81.5",231,202,29,91,"39.4",1,120914.3813,34.2243,1560.3179,73.7217,81.32,55.6306,4.86,9.2,0.2193,0.548,24.7229,2.5312
"892000","Gewaltkriminalität",9563,"Fürth","KfS",217,168,45,"20.7",0,2,194,"89.4",260,222,38,133,"51.2",1,142024.3348,41.7105,1647.4479,66.2088,84.16,57.5578,3.36,7.71,0.2452,0.5685,25.9487,1.2695
"892000","Gewaltkriminalität",9564,"Nürnberg","KfS",1683,330,268,"15.9",5,9,1336,"79.4",1588,1303,285,832,"52.4",1,517452.9036,42.7859,1676.2328,62.7494,77.97,55.4336,3.11,8.21,0.2239,0.6494,26.479,1.8899
"892000","Gewaltkriminalität",9565,"Schwabach","KfS",52,126,7,"13.5",0,0,48,"92.3",64,43,21,35,"54.7",1,41691.6535,25.4528,1474.7613,96.8848,98.06,62.6497,3.09,7.11,0.2751,0.249,29.8495,0.6139
"892000","Gewaltkriminalität",9571,"Ansbach","LK",190,102,42,"22.1",0,1,179,"94.2",211,181,30,75,"35.5",59,180543.6928,8.0421,995.6239,221.0144,125.3728,66.4246,5.0969,5.5159,0.3601,0.0503,28.684,11.4154
"892000","Gewaltkriminalität",9572,"Erlangen-Höchstadt","LK",90,65,18,"20",2,2,86,"95.6",97,81,16,24,"24.7",35,135562.2632,12.0376,1026.6523,113.3471,118.6624,60.6814,4.6468,7.2496,0.3381,0.0817,28.4825,5.2478
"892000","Gewaltkriminalität",9573,"Fürth","LK",73,61,14,"19.2",1,0,64,"87.7",77,61,16,24,"31.2",14,117555.0312,18.0328,1406.6945,145.4932,112.3757,63.462,4.1607,6.8793,0.307,0.1315,30.8847,4.7925
"892000","Gewaltkriminalität",9574,"Nürnberger Land","LK",160,93,28,"17.5",2,0,148,"92.5",165,144,21,56,"33.9",41,167869.8608,9.5963,900.0478,119.3422,115.4637,64.4465,5.6444,6.24,0.3132,0.1006,30.6192,8.3264
"892000","Gewaltkriminalität",9575,"Neustadt a.d.Aisch-Bad Windsheim","LK",111,109,30,"27",1,0,102,"91.9",126,100,26,54,"42.9",39,99000.842,7.6961,969.6461,248.6582,128.6587,68.316,5.8582,5.1953,0.3572,0.0329,29.7105,7.7016
"892000","Gewaltkriminalität",9576,"Roth","LK",107,84,24,"22.4",0,2,95,"88.8",124,93,31,31,"25",21,126350.8281,9.3961,897.6098,149.0332,119.63,67.4999,4.4212,6.3162,0.3457,0.0717,29.3769,11.2845
"892000","Gewaltkriminalität",9577,"Weißenburg-Gunzenhausen","LK",120,126,26,"21.7",0,2,113,"94.2",118,95,23,36,"30.5",27,93393.6592,8.0915,965.24,228.4649,127.1611,68.659,6.3181,5.1881,0.3677,0.0494,29.7557,4.9879
"892000","Gewaltkriminalität",9661,"Aschaffenburg","KfS",178,249,21,"11.8",0,1,141,"79.2",174,161,13,78,"44.8",1,69808.0003,28.435,1686.3477,102.4646,86.7,60.6367,4.43,7.75,0.2373,0.3952,28.5527,0.6417
"892000","Gewaltkriminalität",9662,"Schweinfurt","KfS",144,269,24,"16.7",1,1,118,"81.9",134,114,20,59,"44",1,53443.602,27.2811,1602.3054,95.5316,82.49,54.1765,5.33,6.23,0.2188,0.4631,31.4526,2.1199
"892000","Gewaltkriminalität",9663,"Würzburg","KfS",369,291,61,"16.5",1,1,294,"79.7",367,296,71,134,"36.5",1,127223.2944,29.4908,1526.8032,92.8358,78.47,57.4006,3.11,8.65,0.1924,0.6126,26.539,2.7492
"892000","Gewaltkriminalität",9671,"Aschaffenburg","LK",101,58,19,"18.8",1,1,92,"91.1",120,101,19,45,"37.5",40,177957.7988,13.5785,1110.2066,117.4287,113.9072,66.3569,6.3975,6.2231,0.3193,0.047,30.4366,3.2314
"892000","Gewaltkriminalität",9672,"Bad Kissingen","LK",106,102,20,"18.9",1,3,96,"90.6",107,82,25,35,"32.7",39,104809.7735,6.8868,733.8241,128.3498,117.8131,56.627,7.0115,4.5654,0.3237,0.0367,32.6596,Inf
"892000","Gewaltkriminalität",9673,"Rhön-Grabfeld","LK",65,82,12,"18.5",1,0,62,"95.4",76,61,15,19,"25",45,78601.2002,8.2482,917.1003,173.6162,122.1092,64.1159,6.7327,4.5041,0.3396,0.0346,31.4936,5.203
"892000","Gewaltkriminalität",9674,"Haßberge","LK",95,113,21,"22.1",0,0,88,"92.6",99,87,12,23,"23.2",26,85559.1971,10.0083,1091.684,206.9401,124.2473,66.2988,5.82,4.8115,0.3557,0.0374,31.0722,4.1166
"892000","Gewaltkriminalität",9675,"Kitzingen","LK",105,114,28,"26.7",1,2,97,"92.4",119,101,18,51,"42.9",31,89723.0911,11.0858,1137.8932,221.2452,119.6813,65.5197,5.8861,5.3265,0.3339,0.0379,29.4926,2.9079
"892000","Gewaltkriminalität",9676,"Miltenberg","LK",106,82,16,"15.1",0,0,106,"100",128,99,29,49,"38.3",34,131570.1156,14.3699,1212.9409,147.4142,112.43,62.3721,6.3,5.7647,0.3218,0.0505,30.6214,3.9169
"892000","Gewaltkriminalität",9677,"Main-Spessart","LK",124,98,25,"20.2",1,0,115,"92.7",133,110,23,55,"41.4",50,129432.3997,9.5091,898.5544,146.738,117.924,61.5326,7.0175,4.9528,0.3166,0.0268,32.5299,5.0801
"892000","Gewaltkriminalität",9678,"Schweinfurt","LK",137,118,31,"22.6",0,0,127,"92.7",143,127,16,83,"58",36,115497.4474,10.9889,1024.6138,154.4597,118.6814,57.9054,5.381,5.2748,0.3347,0.0529,30.636,10.0504
"892000","Gewaltkriminalität",9679,"Würzburg","LK",127,78,25,"19.7",0,1,115,"90.6",136,114,22,50,"36.8",55,162944.3703,14.7759,1230.5532,178.8588,117.4302,63.9366,5.57,6.0419,0.3296,0.0539,30.5621,1.3323
"892000","Gewaltkriminalität",9761,"Augsburg","KfS",863,291,186,"21.6",1,4,691,"80.1",828,694,134,374,"45.2",1,284747.6906,41.7825,1634.0067,63.0414,76.4,54.8328,3.92,8.48,0.2246,0.6524,25.6045,1.7703
"892000","Gewaltkriminalität",9762,"Kaufbeuren","KfS",109,242,26,"23.9",0,0,99,"90.8",115,98,17,44,"38.3",1,42694.3077,25.891,1392.7936,95.7209,86.21,58.8203,3.8,6.85,0.2493,0.3926,30.0978,1.6172
"892000","Gewaltkriminalität",9763,"Kempten (Allgäu)","KfS",141,204,24,"17",2,0,116,"82.3",125,106,19,49,"39.2",1,67993.0986,27.707,1279.653,89.2466,83.17,59.6274,2.91,7.18,0.2187,0.5111,29.0761,4.3104
"892000","Gewaltkriminalität",9764,"Memmingen","KfS",108,241,15,"13.9",0,0,90,"83.3",115,102,13,42,"36.5",1,42905.3989,21.5065,1374.7576,113.1339,90.01,62.4453,3.99,6.51,0.263,0.38,29.0462,2.6594
"892000","Gewaltkriminalität",9771,"Aichach-Friedberg","LK",86,63,18,"20.9",1,1,66,"76.7",91,72,19,44,"48.4",24,131348.4172,10.5152,1091.0809,183.2868,126.3438,65.4207,4.42,6.9967,0.3916,0.0668,26.6139,8.9332
"892000","Gewaltkriminalität",9772,"Augsburg","LK",275,107,61,"22.2",2,5,238,"86.5",277,214,63,97,"35",47,245554.6561,11.8463,1094.2035,160.6641,120.7352,64.264,4.2996,6.8165,0.3642,0.0929,27.1586,7.4952
"892000","Gewaltkriminalität",9773,"Dillingen a.d.Donau","LK",124,127,24,"19.4",1,0,103,"83.1",118,93,25,44,"37.3",27,95387.3946,9.0902,1077.0572,211.9226,124.3652,65.1411,4.6222,5.7133,0.3812,0.0391,29.0785,9.0649
"892000","Gewaltkriminalität",9774,"Günzburg","LK",163,127,25,"15.3",1,0,138,"84.7",181,155,26,75,"41.4",36,123041.0975,8.8234,959.2553,179.8572,122.7097,62.1917,5.3433,5.9768,0.3793,0.0585,27.3218,7.6287
"892000","Gewaltkriminalität",9775,"Neu-Ulm","LK",275,155,56,"20.4",1,3,232,"84.4",265,228,37,123,"46.4",21,171469.6705,11.8444,1015.3239,126.0745,112.8106,59.0586,4.0453,6.8047,0.3405,0.1216,27.5243,7.9421
"892000","Gewaltkriminalität",9776,"Lindau (Bodensee)","LK",106,129,20,"18.9",0,0,99,"93.4",116,95,21,44,"37.9",19,82258.3489,11.3093,805.594,131.1631,106.5042,64.191,4.4463,7.4374,0.2994,0.148,29.2464,11.392
"892000","Gewaltkriminalität",9777,"Ostallgäu","LK",131,91,28,"21.4",0,0,115,"87.8",141,114,27,58,"41.1",45,136733.3539,8.0836,841.1014,212.4755,120.2689,66.4536,4.9707,6.4284,0.3456,0.0561,27.9866,3.8215
"892000","Gewaltkriminalität",9778,"Unterallgäu","LK",135,91,34,"25.2",0,1,118,"87.4",127,93,34,62,"48.8",53,138909.3012,8.3223,908.5527,199.8749,125.6448,68.0878,5.3738,6.026,0.3663,0.0517,27.3113,4.1848
"892000","Gewaltkriminalität",9779,"Donau-Ries","LK",145,107,28,"19.3",0,0,135,"93.1",163,148,15,61,"37.4",46,122107.2487,8.0821,991.4055,203.7139,129.6639,67.0038,5.7795,5.3861,0.3873,0.0337,28.3448,6.9774
"892000","Gewaltkriminalität",9780,"Oberallgäu","LK",142,90,28,"19.7",0,1,135,"95.1",156,126,30,58,"37.2",29,152056.0662,8.5504,700.3613,159.0512,99.9968,61.0121,4.5607,7.0268,0.2809,0.2041,30.2355,2.3533
"892000","Gewaltkriminalität",10041,"Regionalverband Saarbrücken","RV",1207,369,173,"14.3",22,10,965,"80",1162,965,197,479,"41.2",10,337467.7361,20.2281,1510.2912,124.553,105.16,65.2868,5.948,5.649,0.2549,0.1059,34.3752,3.7111
"892000","Gewaltkriminalität",10042,"Merzig-Wadern","LK",146,141,28,"19.2",0,0,133,"91.1",148,118,30,34,"23",7,101943.9451,12.1141,1228.7214,174.0136,124.1157,71.5429,4.5757,6.0814,0.3115,0.0638,31.8485,9.3241
"892000","Gewaltkriminalität",10043,"Neunkirchen","LK",297,227,41,"13.8",7,2,236,"79.5",292,254,38,101,"34.6",7,130597.9999,18.2611,1506.5247,132.4395,108.98,67.0172,5.9671,5.4943,0.2655,0.0759,34.4848,5.9028
"892000","Gewaltkriminalität",10044,"Saarlouis","LK",455,235,75,"16.5",3,2,376,"82.6",454,380,74,152,"33.5",13,191659.2185,16.1367,1428.829,151.409,116.6615,69.8291,4.6638,5.7831,0.2993,0.0718,33.4821,4.0872
"892000","Gewaltkriminalität",10045,"Saarpfalz-Kreis","LK",263,187,30,"11.4",3,3,233,"88.6",278,234,44,88,"31.7",7,140572.5215,14.7867,1373.6388,150.0493,115.92,69.8202,5.1914,5.8743,0.2772,0.0805,35.1881,3.0835
"892000","Gewaltkriminalität",10046,"St. Wendel","LK",130,151,15,"11.5",0,2,111,"85.4",130,108,22,20,"15.4",8,87164.5552,11.8712,1167.6317,158.4889,123.4162,71.8276,5.18,5.2238,0.2985,0.0351,35.228,12.5086
"892000","Gewaltkriminalität",11000,"Berlin","KfS",17947,488,3530,"19.7",176,93,11159,"62.2",12221,10238,1983,5588,"45.7",1,3595815.4912,59.2538,1863.8972,43.8414,73.22,53.4686,1.97,7.67,0.1986,0.8146,25.4896,4.144
"892000","Gewaltkriminalität",12051,"Brandenburg an der Havel","KfS",224,309,38,"17",0,8,183,"81.7",214,170,44,64,"29.9",1,70195.4296,14.8782,1271.0113,164.2261,73.14,54.8317,8.64,5.88,0.181,0.559,35.9881,3.8992
"892000","Gewaltkriminalität",12052,"Cottbus","KfS",334,340,70,"21",1,4,267,"79.9",307,270,37,90,"29.3",1,103646.3263,20.2513,1315.2,116.0346,75.1,56.7052,6.42,5.58,0.1648,0.6629,35.2682,5.8745
"892000","Gewaltkriminalität",12053,"Frankfurt (Oder)","KfS",197,348,33,"16.8",1,2,145,"73.6",178,151,27,65,"36.5",1,57211.5816,17.9741,1192.9809,128.5774,72.69,58.5125,6.31,5.41,0.1746,0.6763,36.8618,6.6815
"892000","Gewaltkriminalität",12054,"Potsdam","KfS",374,204,62,"16.6",2,0,277,"74.1",324,279,45,122,"37.7",1,193522.2825,33.2913,1349.5315,73.4437,75.78,55.1229,2.46,7.85,0.2129,0.6937,26.3635,7.9604
"892000","Gewaltkriminalität",12060,"Barnim","LK",278,147,43,"15.5",1,1,231,"83.1",281,240,41,70,"24.9",25,172118.8893,7.8093,884.5608,198.9476,99.9948,58.6163,4.2873,5.5644,0.2805,0.1108,34.226,7.2988
"892000","Gewaltkriminalität",12061,"Dahme-Spreewald","LK",259,147,34,"13.1",2,3,206,"79.5",249,222,27,67,"26.9",37,158017.5341,6.8006,809.5027,224.0335,100.6135,60.3924,5.7141,5.7427,0.279,0.1143,36.2696,6.3486
"892000","Gewaltkriminalität",12062,"Elbe-Elster","LK",160,159,22,"13.8",1,1,129,"80.6",146,136,10,28,"19.2",33,101739.2842,6.4587,904.615,238.9288,100.6179,60.1539,8.2809,4.6597,0.2695,0.0931,39.2748,2.4602
"892000","Gewaltkriminalität",12063,"Havelland","LK",266,160,39,"14.7",3,2,216,"81.2",278,218,60,84,"30.2",26,152750.3036,7.1596,851.7824,212.7553,99.7381,58.4048,5.2491,5.6542,0.2781,0.1219,33.6664,9.2369
"892000","Gewaltkriminalität",12064,"Märkisch-Oderland","LK",360,182,74,"20.6",2,3,301,"83.6",357,292,65,88,"24.6",45,184671.4005,6.6059,806.0836,212.3606,99.0026,59.8274,5.6744,5.3548,0.2699,0.1113,34.5776,9.8139
"892000","Gewaltkriminalität",12065,"Oberhavel","LK",306,142,56,"18.3",2,1,251,"82",341,295,46,83,"24.3",19,202806.8288,11.5396,1085.8938,172.5115,96.1353,59.3085,4.3442,6.0726,0.2651,0.1821,33.3846,8.8732
"892000","Gewaltkriminalität",12066,"Oberspreewald-Lausitz","LK",235,218,42,"17.9",1,2,192,"81.7",215,182,33,30,"14",25,108948.9642,7.4692,960.2112,232.6426,96.9344,58.3904,7.3896,4.9852,0.2728,0.1634,37.1835,4.2003
"892000","Gewaltkriminalität",12067,"Oder-Spree","LK",290,162,43,"14.8",3,1,244,"84.1",308,262,46,93,"30.2",37,173278.4911,7.9031,930.3631,205.0658,102.4814,59.6023,4.0571,5.8,0.278,0.1251,37.4553,10.1146
"892000","Gewaltkriminalität",12068,"Ostprignitz-Ruppin","LK",258,261,54,"20.9",2,0,229,"88.8",253,209,44,84,"33.2",23,94541.0349,5.6221,765.0527,239.0435,99.9774,61.5532,5.6473,5.0783,0.2641,0.1147,36.6203,4.5262
"892000","Gewaltkriminalität",12069,"Potsdam-Mittelmark","LK",252,115,56,"22.2",4,1,208,"82.5",275,247,28,87,"31.6",38,202619.0722,7.6308,872.843,221.532,106.2247,59.5814,4.3089,5.6855,0.3098,0.1034,34.8573,6.1889
"892000","Gewaltkriminalität",12070,"Prignitz","LK",177,234,29,"16.4",1,1,150,"84.7",182,154,28,45,"24.7",26,73555.1214,5.1665,750.975,296.4234,103.5285,63.133,8.3764,4.5108,0.2613,0.0932,38.5218,5.4151
"892000","Gewaltkriminalität",12071,"Spree-Neiße","LK",153,137,30,"19.6",0,0,131,"85.6",133,105,28,29,"21.8",29,118805.4611,6.0144,776.7991,252.5777,102.4824,58.3727,8.1632,4.799,0.2891,0.1178,38.3119,5.4685
"892000","Gewaltkriminalität",12072,"Teltow-Fläming","LK",302,175,53,"17.5",2,0,240,"79.5",271,228,43,94,"34.7",16,157707.2751,8.2431,924.9094,225.6705,98.7725,59.6326,5.128,5.635,0.2796,0.1847,33.6059,5.0194
"892000","Gewaltkriminalität",12073,"Uckermark","LK",258,220,43,"16.7",0,1,215,"83.3",249,205,44,33,"13.3",33,115507.9725,5.0083,651.6991,231.9747,97.3725,61.7147,8.9741,4.6439,0.2599,0.1602,36.8381,7.6225
"892000","Gewaltkriminalität",13003,"Rostock","KfS",664,319,101,"15.2",0,0,485,"73",544,457,87,139,"25.6",1,195890.1771,28.6431,1211.8574,71.7233,66.05,53.7565,2.59,6.7,0.1507,0.7885,32.4097,5.8791
"892000","Gewaltkriminalität",13004,"Schwerin","KfS",459,479,53,"11.5",0,0,379,"82.6",471,404,67,182,"38.6",1,96355.8711,24.543,1321.9786,93.8489,71.46,54.4748,6.03,6.06,0.1649,0.6889,34.5547,3.8763
"892000","Gewaltkriminalität",13071,"Mecklenburgische Seenplatte","LK",491,191,67,"13.6",0,1,414,"84.3",501,430,71,97,"19.4",148,242790.8526,5.0838,690.1893,249.804,98.2285,61.0315,9.4263,4.7054,0.2599,0.1607,36.6088,7.5479
"892000","Gewaltkriminalität",13072,"Landkreis Rostock","LK",353,162,78,"22.1",0,3,319,"90.4",382,327,55,72,"18.8",112,203151.1575,6.4028,705.9407,190.3901,103.3544,60.0098,6.8809,5.4513,0.3043,0.1271,32.7779,10.4103
"892000","Gewaltkriminalität",13073,"Vorpommern-Rügen","LK",464,205,82,"17.7",0,0,393,"84.7",452,391,61,92,"20.4",101,209210.9334,5.9244,671.8778,203.595,94.7947,60.0663,7.2552,5.7613,0.2469,0.1506,36.8132,8.4045
"892000","Gewaltkriminalität",13074,"Nordwestmecklenburg","LK",324,204,78,"24.1",0,0,269,"83",312,249,63,53,"17",83,147769.8712,5.9987,710.7631,200.5335,103.7833,60.745,5.1702,5.4631,0.2937,0.1123,32.6717,9.7896
"892000","Gewaltkriminalität",13075,"Vorpommern-Greifswald","LK",374,159,67,"17.9",0,0,319,"85.3",388,324,64,57,"14.7",138,230716.6079,5.8132,731.7806,230.4583,96.6927,60.0032,8.8674,5.0783,0.2635,0.1551,37.3719,7.9495
"892000","Gewaltkriminalität",13076,"Ludwigslust-Parchim","LK",374,176,60,"16",1,0,326,"87.2",351,295,56,95,"27.1",142,198040.6399,5.4883,760.2916,252.6563,108.9878,62.9899,6.1129,4.9268,0.2953,0.0701,34.586,7.6553
"892000","Gewaltkriminalität",14511,"Chemnitz","KfS",688,283,93,"13.5",4,5,530,"77",591,497,94,288,"48.7",1,280083.1767,27.4996,1316.8944,77.7528,71.33,51.2018,10.95,5.26,0.1792,0.7,35.0294,11.4083
"892000","Gewaltkriminalität",14521,"Erzgebirgskreis","LK",308,94,45,"14.6",0,2,272,"88.3",315,272,43,90,"28.6",59,337686.8648,11.3321,998.41,138.2735,83.5378,50.5904,10.8224,4.5542,0.2534,0.1805,38.6981,6.4029
"892000","Gewaltkriminalität",14522,"Mittelsachsen","LK",315,105,49,"15.6",3,5,268,"85.1",339,289,50,86,"25.4",53,300889.5471,8.2091,880.25,179.9656,88.8558,53.861,9.8774,4.7513,0.2658,0.1763,37.4505,9.239
"892000","Gewaltkriminalität",14523,"Vogtlandkreis","LK",341,154,56,"16.4",2,3,291,"85.3",345,303,42,100,"29",37,224758.9849,8.8548,889.2603,175.6207,89.8138,55.1853,10.8986,4.393,0.249,0.1553,39.6814,7.5507
"892000","Gewaltkriminalität",14524,"Zwickau","LK",470,152,62,"13.2",3,4,400,"85.1",473,403,70,130,"27.5",33,322962.9848,10.8299,1049.3305,163.1463,87.7476,52.1383,10.2964,4.7761,0.2558,0.1938,37.5084,8.0645
"892000","Gewaltkriminalität",14612,"Dresden","KfS",1710,308,320,"18.7",9,10,1294,"75.7",1435,1288,147,593,"41.3",1,593321.2249,37.8635,1502.8448,61.667,71.24,49.8502,3.96,6.92,0.2025,0.7389,27.5618,2.8293
"892000","Gewaltkriminalität",14625,"Bautzen","LK",396,134,67,"16.9",0,8,333,"84.1",346,297,49,60,"17.3",57,294568.7517,8.2492,972.8704,192.3125,98.4153,55.2349,7.2577,4.9007,0.3126,0.1348,35.3774,7.593
"892000","Gewaltkriminalität",14626,"Görlitz","LK",433,174,69,"15.9",2,1,357,"82.4",387,318,69,80,"20.7",53,255453.8524,7.4032,872.4608,191.1713,96.603,57.7219,8.6526,4.5557,0.2599,0.1262,39.3575,9.0146
"892000","Gewaltkriminalität",14627,"Meißen","LK",285,119,44,"15.4",1,3,251,"88.1",290,251,39,60,"20.7",28,234413.0182,9.3013,1023.4072,193.4735,92.7832,55.2714,7.6071,5.2371,0.2814,0.1987,35.8615,2.8796
"892000","Gewaltkriminalität",14628,"Sächsische Schweiz-Osterzgebirge","LK",209,86,35,"16.7",1,2,186,"89",200,161,39,45,"22.5",36,235962.5092,8.7246,864.2294,158.8283,90.3589,53.0501,8.1239,5.1119,0.2718,0.1689,36.5195,9.9585
"892000","Gewaltkriminalität",14713,"Leipzig","KfS",2010,334,283,"14.1",17,6,1399,"69.6",1592,1389,203,679,"42.7",1,598034.3652,36.9956,1640.8595,69.457,72.13,51.3012,4.37,6.44,0.1841,0.8077,25.3682,2.9431
"892000","Gewaltkriminalität",14729,"Leipzig","LK",354,137,48,"13.6",0,3,301,"85",417,358,59,82,"19.7",30,259173.3927,10.5285,1090.5406,188.7721,91.7027,55.7129,7.1133,5.2713,0.2612,0.2329,35.1572,4.6632
"892000","Gewaltkriminalität",14730,"Nordsachsen","LK",353,179,53,"15",1,2,302,"85.6",336,286,50,75,"22.3",30,187793.7113,8.1499,1011.601,221.2654,95.4383,56.9424,7.165,4.896,0.2758,0.1839,35.4846,2.5407
"892000","Gewaltkriminalität",15001,"Dessau-Roßlau","KfS",261,332,36,"13.8",4,3,229,"87.7",248,214,34,65,"26.2",1,84171.079,18.2188,1324.5487,133.3901,77.68,56.8803,12.49,5.48,0.1693,0.5125,41.0756,0.5697
"892000","Gewaltkriminalität",15002,"Halle (Saale)","KfS",1355,569,263,"19.4",16,7,961,"70.9",1030,870,160,391,"38",1,247704.2082,33.8996,1588.1429,77.6916,70.36,53.2904,7.74,5.92,0.1647,0.7205,30.9256,2.366
"892000","Gewaltkriminalität",15003,"Magdeburg","KfS",1050,445,200,"19",17,4,796,"75.8",856,730,126,261,"30.5",1,246706.3442,27.2393,1564.712,91.936,72.52,52.1014,6.66,5.75,0.1787,0.6493,31.1345,3.9293
"892000","Gewaltkriminalität",15081,"Altmarkkreis Salzwedel","LK",172,210,30,"17.4",0,0,157,"91.3",180,144,36,33,"18.3",13,78824.1921,5.5352,853.5381,302.6512,109.9831,66.0756,8.6285,4.4015,0.2862,0.083,34.9238,1.366
"892000","Gewaltkriminalität",15082,"Anhalt-Bitterfeld","LK",374,240,69,"18.4",2,6,325,"86.9",378,316,62,52,"13.8",10,153203.0464,9.8816,1172.0923,247.82,89.737,56.8592,8.778,5.079,0.2311,0.2019,37.9333,1.1488
"892000","Gewaltkriminalität",15083,"Börde","LK",309,182,61,"19.7",1,1,263,"85.1",275,244,31,40,"14.5",34,160442.2307,7.9311,976.5926,243.3297,100.0029,60.0045,8.9291,4.8376,0.273,0.1302,34.7906,2.7578
"892000","Gewaltkriminalität",15084,"Burgenlandkreis","LK",367,208,55,"15",0,4,295,"80.4",319,266,53,71,"22.3",33,171307.007,7.6004,927.9093,226.1155,97.3721,58.1096,8.4982,4.6012,0.2723,0.1186,37.9715,3.2976
"892000","Gewaltkriminalität",15085,"Harz","LK",489,234,104,"21.3",6,7,414,"84.7",465,389,76,64,"13.8",20,208671.0447,10.9256,1182.9892,223.4304,94.1735,58.9701,8.5965,4.8785,0.2365,0.1628,37.952,1.6923
"892000","Gewaltkriminalität",15086,"Jerichower Land","LK",230,258,47,"20.4",2,1,193,"83.9",204,177,27,33,"16.2",8,82880.2246,7.7802,1012.0145,254.6809,96.55,59.2456,7.805,5.1038,0.2494,0.1702,36.9946,3.5903
"892000","Gewaltkriminalität",15087,"Mansfeld-Südharz","LK",300,227,52,"17.3",3,3,276,"92",298,251,47,52,"17.4",22,132825.303,9.4653,1054.2808,212.3721,94.3891,57.1194,7.7709,4.7627,0.2428,0.1247,40.4512,2.8581
"892000","Gewaltkriminalität",15088,"Saalekreis","LK",387,212,81,"20.9",3,1,350,"90.4",426,360,66,114,"26.8",20,175061.3364,8.6037,1046.2697,235.2696,96.603,58.7366,7.22,5.064,0.2709,0.158,36.3043,2.2291
"892000","Gewaltkriminalität",15089,"Salzlandkreis","LK",388,209,61,"15.7",3,3,325,"83.8",397,324,73,60,"15.1",21,183431.563,9.4108,1063.1497,248.9869,91.3638,57.4822,10.07,4.7471,0.2361,0.1677,37.2913,-0.472
"892000","Gewaltkriminalität",15090,"Stendal","LK",268,244,47,"17.5",0,5,219,"81.7",259,213,46,45,"17.4",25,106094.3081,5.7529,786.987,278.7324,100.0556,61.7268,9.71,4.5348,0.2496,0.1024,37.978,2.2094
"892000","Gewaltkriminalität",15091,"Wittenberg","LK",258,209,46,"17.8",4,0,219,"84.9",269,223,46,55,"20.4",9,117961.5334,7.92,968.6597,240.4117,93.1756,59.4909,8.3078,4.7767,0.2335,0.162,39.505,0.4341
"892000","Gewaltkriminalität",16051,"Erfurt","KfS",541,254,101,"18.7",2,3,412,"76.2",497,408,89,194,"39",1,234999.888,29.3383,1311.7483,80.1835,74.28,53.1295,4.33,6.48,0.2112,0.6746,29.7933,3.1639
"892000","Gewaltkriminalität",16052,"Gera","KfS",348,381,59,"17",0,0,278,"79.9",323,272,51,101,"31.3",1,104871.4721,23.0032,1285.9553,116.2933,72.45,55.1259,11.29,5.13,0.1745,0.6215,38.0273,4.193
"892000","Gewaltkriminalität",16053,"Jena","KfS",179,162,23,"12.8",0,1,118,"65.9",127,109,18,35,"27.6",1,105275.3603,29.7724,1279.9214,76.5968,73,51.5655,2.91,7.04,0.2202,0.6256,27.9345,5.3872
"892000","Gewaltkriminalität",16054,"Suhl","KfS",91,252,16,"17.6",0,1,82,"90.1",129,115,14,70,"54.3",1,34932.5966,14.5795,1033.1935,141.8155,77.41,54.3136,9.86,5.29,0.1857,0.5151,42.4682,8.5082
"892000","Gewaltkriminalität",16055,"Weimar","KfS",137,210,29,"21.2",0,0,102,"74.5",136,109,27,36,"26.5",1,60601.9472,23.3804,1324.1176,92.0735,78.75,53.2906,4.17,6.52,0.2224,0.4983,30.7982,3.6768
"892000","Gewaltkriminalität",16061,"Eichsfeld","LK",144,145,28,"19.4",1,1,126,"87.5",145,124,21,41,"28.3",68,94731.3063,9.947,1040.4337,171.2409,117.2032,57.6749,6.2172,4.8752,0.4175,0.0378,31.7821,6.9889
"892000","Gewaltkriminalität",16062,"Nordhausen","LK",183,224,28,"15.3",2,1,159,"86.9",165,145,20,27,"16.4",15,80301.7741,9.0125,911.814,173.3758,103.9727,60.316,7.26,4.4807,0.2878,0.101,37.5079,2.7381
"892000","Gewaltkriminalität",16063,"Wartburgkreis","LK",261,164,44,"16.9",3,3,224,"85.8",270,224,46,74,"27.4",32,104928.9946,9.3183,1033.7286,196.1009,105.4619,57.2262,7.1828,4.9327,0.3244,0.1087,36.0744,6.9645
"892000","Gewaltkriminalität",16064,"Unstrut-Hainich-Kreis","LK",208,205,44,"21.2",1,0,183,"88",213,188,25,41,"19.2",30,98046.6614,9.4314,1053.2021,205.0472,110.3357,59.815,9.5392,4.7577,0.3529,0.0662,34.8439,4.5132
"892000","Gewaltkriminalität",16065,"Kyffhäuserkreis","LK",129,177,37,"28.7",1,0,116,"89.9",131,113,18,27,"20.6",28,72319.2997,8.4514,1007.5436,221.6683,105.0571,59.8517,10.6477,4.42,0.2937,0.0532,38.1175,0.7767
"892000","Gewaltkriminalität",16066,"Schmalkalden-Meiningen","LK",189,153,29,"15.3",0,0,170,"89.9",224,190,34,54,"24.1",39,120690.371,9.9551,1033.4585,180.3152,104.9305,56.8958,7.3506,4.6846,0.3205,0.0807,36.4789,4.7353
"892000","Gewaltkriminalität",16067,"Gotha","LK",335,250,75,"22.4",0,0,279,"83.3",308,246,62,103,"33.4",30,127597.5547,11.2414,1157.1724,190.6136,103.725,56.7417,4.829,4.958,0.3253,0.1071,34.2652,2.9429
"892000","Gewaltkriminalität",16068,"Sömmerda","LK",95,138,17,"17.9",0,1,83,"87.4",97,76,21,20,"20.6",38,66115.4892,10.0868,1136.4468,217.1913,108.3492,58.5284,5.8871,5.2924,0.3303,0.0688,33.7514,2.114
"892000","Gewaltkriminalität",16069,"Hildburghausen","LK",94,151,11,"11.7",0,1,81,"86.2",101,90,11,16,"15.8",32,61087.5534,8.289,951.0557,180.9655,110.2709,59.4799,8.23,4.6296,0.3542,0.0439,36.4254,5.8304
"892000","Gewaltkriminalität",16070,"Ilm-Kreis","LK",203,193,38,"18.7",0,0,169,"83.3",185,149,36,42,"22.7",16,100668.6191,9.9401,1085.4,188.2052,102.6394,56.176,6.3273,5.3056,0.3271,0.1045,34.3652,9.0196
"892000","Gewaltkriminalität",16071,"Weimarer Land","LK",137,167,30,"21.9",0,1,116,"84.7",126,106,20,17,"13.5",39,76644.3068,8.5188,996.6244,194.9167,110.3456,57.2499,6.4471,5.3114,0.3435,0.0616,32.4543,6.658
"892000","Gewaltkriminalität",16072,"Sonneberg","LK",105,186,17,"16.2",0,1,95,"90.5",110,88,22,24,"21.8",8,55960.9656,9.529,858.6107,147.8397,92.2225,58.5755,8.8062,5.0312,0.2502,0.1231,39.3761,4.6803
"892000","Gewaltkriminalität",16073,"Saalfeld-Rudolstadt","LK",159,157,27,"17",0,0,143,"89.9",175,153,22,34,"19.4",26,100786.4859,8.1741,853.4012,172.0794,96.2596,52.7389,11.0448,4.6404,0.272,0.097,39.5216,5.2168
"892000","Gewaltkriminalität",16074,"Saale-Holzland-Kreis","LK",108,131,26,"24.1",0,0,99,"91.7",110,91,19,18,"16.4",91,78382.2513,7.0867,859.8676,203.7367,108.2654,57.4151,7.9384,5.3591,0.3422,0.0716,35.6087,4.7192
"892000","Gewaltkriminalität",16075,"Saale-Orla-Kreis","LK",87,110,20,"23",0,1,77,"88.5",96,88,8,20,"20.8",59,77925.154,6.7286,859.5543,222.311,105.6436,55.5474,9.6794,4.9666,0.3276,0.0627,35.9388,6.8701
"892000","Gewaltkriminalität",16076,"Greiz","LK",116,121,30,"25.9",0,1,105,"90.5",121,103,18,23,"19",45,95016.5422,7.0609,913.6207,226.5194,101.5118,56.8669,9.3341,4.555,0.285,0.1049,37.806,7.1257
"892000","Gewaltkriminalität",16077,"Altenburger Land","LK",125,142,16,"12.8",0,1,104,"83.2",117,105,12,14,"12",30,87373.9854,7.1711,900.1146,218.7065,96.5893,57.8249,10.5128,4.563,0.2558,0.1097,38.6354,5.2271
